Date,Time,Signal1,Signal2,Signal3,Signal4
8/23/16,13:30,1,71.83,70.21,71.68
8/23/16,16:00,0,71.69,71.35,71.67
8/24/16,13:30,0,71.9,70.87,70.93
8/24/16,16:00,0,71.47,70.82,71.07
8/25/16,13:30,0,71.11,70.45,71.03
8/25/16,16:00,0,71.06,69.98,70
8/26/16,13:30,0,70.46,69.47,69.66
8/26/16,16:00,0,69.8,69.2,69.75
8/29/16,13:30,0,70.11,69.42,69.61
8/29/16,16:00,0,70.02,69.58,69.98
8/30/16,13:30,0,70.46,69.94,70.11
8/30/16,16:00,0,70.22,69.84,70.13
8/31/16,13:30,0,71.5,70.06,70.83
8/31/16,16:00,0,71.47,70.82,71.1
9/1/16,13:30,0,73.15,71.56,72.32
9/1/16,16:00,0,72.77,72.19,72.75
9/2/16,13:30,0,71.9,70.1,70.15
9/2/16,16:00,0,70.25,69.99,70.01
9/6/16,13:30,0,70,69.27,69.34
9/6/16,16:00,0,69.37,68.95,69.08
9/7/16,13:30,0,68.68,66.86,67.15
9/7/16,16:00,0,67.54,66.9,66.9
9/8/16,13:30,0,67.07,65.91,66.04
9/8/16,16:00,0,66.15,65.78,66.05
9/9/16,13:30,0,66.51,65.48,65.66
9/9/16,16:00,0,66.19,65.37,65.95
9/12/16,13:30,0,66.97,65.1,66.5
9/12/16,16:00,0,67.74,66.41,67.52
9/13/16,13:30,0,67.69,66.69,67.69
9/13/16,16:00,0,67.84,67.14,67.59
9/14/16,13:30,0,68.33,66.97,68
9/14/16,16:00,0,68.04,67.44,67.69
9/15/16,13:30,0,67.94,67.22,67.68
9/15/16,16:00,0,67.84,67.15,67.35
9/16/16,13:30,0,67.21,66.12,66.23
9/16/16,16:00,0,66.66,66.03,66.31
9/19/16,13:30,0,66.88,65.64,65.65
9/19/16,16:00,0,66.1,65.45,65.48
9/20/16,13:30,0,68.48,66.01,68.29
9/20/16,16:00,0,68.75,68.23,68.42
9/21/16,13:30,0,68.82,67.17,67.34
9/21/16,16:00,0,67.93,67.06,67.85
9/22/16,13:30,0,71,68.22,70.95
9/22/16,16:00,0,71.1,70.57,70.99
9/23/16,13:30,0,72.06,69.85,71.87
9/23/16,16:00,0,72.31,71.64,71.99
9/26/16,13:30,0,73.38,70.74,71.02
9/26/16,16:00,0,71.57,70.99,71.46
9/27/16,13:30,0,73.88,71.57,73.84
9/27/16,16:00,0,74.43,73.82,74.37
9/28/16,13:30,0,74.84,73.64,74.2
9/28/16,16:00,0,74.46,73.97,74.21
9/29/16,13:30,0,74.56,73.7,74.01
9/29/16,16:00,0,74.51,73.84,74.24
9/30/16,13:30,0,75.73,73.96,75.24
9/30/16,16:00,0,75.47,74.92,74.94
10/3/16,13:30,0,75.36,74.03,74.45
10/3/16,16:00,0,74.72,74.44,74.57
10/4/16,13:30,0,75.37,74.49,74.59
10/4/16,16:00,0,75.25,74.53,75.23
10/5/16,13:30,0,75.5,74.29,75.17
10/5/16,16:00,0,75.23,74.83,74.85
10/6/16,13:30,0,75.04,74.15,74.49
10/6/16,16:00,0,75.09,74.48,74.84
10/7/16,13:30,0,75.16,73.85,73.96
10/7/16,16:00,0,74.09,73.69,73.69
10/10/16,13:30,0,74.5,73.79,73.82
10/10/16,16:00,0,73.88,73.6,73.71
10/11/16,13:30,0,73.72,72.47,72.64
10/11/16,16:00,0,72.66,71.9,72.34
10/12/16,13:30,0,72.73,71.72,72.47
10/12/16,16:00,0,72.89,72.25,72.38
10/13/16,13:30,0,71.93,71.23,71.79
10/13/16,16:00,0,72.33,71.79,72.08
10/14/16,13:30,0,72.54,70.24,70.46
10/14/16,16:00,0,70.61,69.96,69.97
10/17/16,13:30,0,70,68.67,68.75
10/17/16,16:00,0,69.17,68.75,68.79
10/18/16,13:30,0,70.95,69.56,70.26
10/18/16,16:00,0,70.35,69.95,70.04
10/19/16,13:30,0,71.14,69.53,71.01
10/19/16,16:00,0,71.1,70.7,70.83
10/20/16,13:30,0,70.81,69.51,70.37
10/20/16,16:00,0,70.63,70.24,70.48
10/21/16,13:30,0,70.39,69.32,69.46
10/21/16,16:00,0,69.75,69.35,69.37
10/24/16,13:30,0,70.94,69.81,70.32
10/24/16,16:00,0,70.69,70.25,70.35
10/25/16,13:30,0,70.66,69.84,70.6
10/25/16,16:00,0,70.8,70.54,70.64
10/26/16,13:30,0,70.44,69.69,70.17
10/26/16,16:00,0,70.2,69.8,69.9
10/27/16,13:30,0,69.4,67.88,68.1
10/27/16,16:00,0,68.2,67.53,68.07
10/28/16,13:30,0,75.46,71.5,74.35
10/28/16,16:00,0,74.91,73.98,74.47
10/31/16,13:30,0,77.35,74.85,77.33
10/31/16,16:00,0,77.5,76.82,76.87
11/1/16,13:30,0,77.78,75.05,75.26
11/1/16,16:00,0,76.44,74.62,76.23
11/2/16,13:30,0,76.85,75.04,75.19
11/2/16,16:00,0,75.55,74.9,75.03
11/3/16,13:30,0,76.69,75.41,75.88
11/3/16,16:00,0,76.21,75.78,76.09
11/4/16,13:30,0,76.89,76.09,76.34
11/4/16,16:00,0,76.36,75.15,75.23
11/7/16,13:30,0,76.77,75.56,76.56
11/7/16,16:00,0,76.74,75.92,76.48
11/8/16,13:30,0,77.4,75.98,77.2
11/8/16,16:00,0,77.8,77.02,77.56
11/9/16,13:30,0,78.73,75.8,78.47
11/9/16,16:00,0,79.47,78.4,79
11/10/16,13:30,0,81.63,79.22,81.07
11/10/16,16:00,0,81.33,80.26,80.36
11/11/16,13:30,0,82.13,80.36,81.35
11/11/16,16:00,0,81.79,81.35,81.74
11/14/16,13:30,0,84.32,82.32,83.75
11/14/16,16:00,0,84.5,83.48,84.06
11/15/16,13:30,0,84.15,82.87,82.94
11/15/16,16:00,0,83.09,82.7,82.99
11/16/16,13:30,0,82.95,81.75,82.15
11/16/16,16:00,0,82.51,82.09,82.4
11/17/16,13:30,0,83.42,82.08,83.24
11/17/16,16:00,0,83.3,82.8,82.89
11/18/16,13:30,0,83.12,82.08,83.04
11/18/16,16:00,0,83.36,82.86,82.95
11/21/16,13:30,0,83.59,82.32,82.57
11/21/16,16:00,0,82.82,82.52,82.66
11/22/16,13:30,0,83.23,82.23,82.62
11/22/16,16:00,0,82.77,82.45,82.49
11/23/16,13:30,0,82.87,82.08,82.27
11/23/16,16:00,0,82.6,82.22,82.58
11/25/16,13:30,0,83.35,82.01,83.02
11/25/16,16:00,0,83.02,83.02,83.02
11/28/16,13:30,0,82.87,81.32,81.88
11/28/16,16:00,0,82.03,81.5,81.51
11/29/16,13:30,0,82.64,81.75,82.47
11/29/16,16:00,0,82.98,82.44,82.92
11/30/16,13:30,0,82.59,80.1,81.11
11/30/16,16:00,0,81.3,80.85,81
12/1/16,13:30,0,80.78,78.79,79.05
12/1/16,16:00,0,79.37,78.77,79.29
12/2/16,13:30,0,79.97,79.1,79.72
12/2/16,16:00,0,79.78,79.46,79.55
12/5/16,13:30,0,82.5,79.86,81.24
12/5/16,16:00,0,81.41,80.92,81.04
12/6/16,13:30,0,81.7,80.87,81.7
12/6/16,16:00,0,81.79,81.08,81.14
12/7/16,13:30,0,82.08,80.6,81.88
12/7/16,16:00,0,83.4,81.84,83.14
12/8/16,13:30,0,85.45,82.51,85.41
12/8/16,16:00,0,85.82,84.79,85.77
12/9/16,13:30,0,86.38,85.36,85.67
12/9/16,16:00,0,86.22,85.58,86.19
12/12/16,13:30,0,85.72,84.66,85.06
12/12/16,16:00,0,85.57,85.02,85.56
12/13/16,13:30,0,86.32,85.14,85.4
12/13/16,16:00,0,85.82,85.24,85.44
12/14/16,13:30,0,86.54,85.43,86.29
12/14/16,16:00,0,86.7,85.53,85.63
12/15/16,13:30,0,86.84,84.33,86.05
12/15/16,16:00,0,86.18,85.45,85.54
12/16/16,13:30,0,85.76,84.11,84.61
12/16/16,16:00,0,84.67,83.72,84.04
12/19/16,13:30,0,83.53,81.95,82.87
12/19/16,16:00,0,83.14,82.2,82.55
12/20/16,13:30,0,86.24,82.87,84.85
12/20/16,16:00,0,85.76,84.81,85.4
12/21/16,13:30,0,85.25,84.43,84.87
12/21/16,16:00,0,85.35,84.83,85.22
12/22/16,13:30,0,84.96,83.34,83.64
12/22/16,16:00,0,84.36,83.64,84.25
12/23/16,13:30,0,84.35,83.19,84.09
12/23/16,16:00,0,84.32,84.01,84.23
12/27/16,13:30,0,85.14,83.89,84.06
12/27/16,16:00,0,84.12,83.76,83.81
12/28/16,13:30,0,84.09,83.05,83.07
12/28/16,16:00,0,83.2,82.86,83.01
12/29/16,13:30,0,83.35,82.4,82.89
12/29/16,16:00,0,83,82.61,82.96
12/30/16,13:30,0,83.5,81.99,82.13
12/30/16,16:00,0,82.18,81.59,82.05
1/3/17,13:30,0,84.57,82.72,84.16
1/3/17,16:00,0,84.25,83.75,83.88
1/4/17,13:30,0,85.2,83.52,84.31
1/4/17,16:00,0,84.72,84.18,84.52
1/5/17,13:30,0,85.5,84.46,84.67
1/5/17,16:00,0,85.27,84.49,84.99
1/6/17,13:30,0,85.38,84.27,85.29
1/6/17,16:00,0,85.35,84.24,84.34
1/9/17,13:30,0,85.11,84.05,84.43
1/9/17,16:00,0,84.75,84.32,84.56
1/10/17,13:30,0,86.78,84.36,86.46
1/10/17,16:00,0,86.48,85.89,85.93
1/11/17,13:30,0,86.45,85.02,85.76
1/11/17,16:00,0,86.67,85.71,86.62
1/12/17,13:30,0,86.47,84.78,85.38
1/12/17,16:00,0,86.09,85.37,85.89
1/13/17,13:30,0,86.03,84.98,85
1/13/17,16:00,0,85.25,84.89,85.08
1/17/17,13:30,0,85.11,84.03,84.4
1/17/17,16:00,0,85.07,84.07,84.98
1/18/17,13:30,0,86.35,84.05,85.07
1/18/17,16:00,0,85.61,85.07,85.53
1/19/17,13:30,0,85.94,84.26,84.74
1/19/17,16:00,0,84.88,84.44,84.56
1/20/17,13:30,0,86.54,84.5,85
1/20/17,16:00,0,85.1,84.86,85.05
1/23/17,13:30,0,85.18,84.52,84.86
1/23/17,16:00,0,85.07,84.8,84.96
1/24/17,13:30,0,86.36,84.91,86.05
1/24/17,16:00,0,86.15,85.86,86
1/25/17,13:30,0,88.23,86.7,86.96
1/25/17,16:00,0,87.76,86.97,87.68
1/26/17,13:30,0,95.8,92.28,95.26
1/26/17,16:00,0,96.09,95.17,95.64
1/27/17,13:30,0,95.6,93.79,94.45
1/27/17,16:00,0,94.99,94.31,94.56
1/30/17,13:30,0,95.74,93.62,94.04
1/30/17,16:00,0,94.54,93.99,94.4
1/31/17,13:30,0,94.46,92.65,93.13
1/31/17,16:00,0,93.68,93.07,93.63
2/1/17,13:30,0,95.02,93.63,94.66
2/1/17,16:00,0,94.83,94.13,94.35
2/2/17,13:30,0,94.82,93.61,94
2/2/17,16:00,0,94.36,93.84,93.99
2/3/17,13:30,0,95.28,93.96,94.59
2/3/17,16:00,0,94.84,94.42,94.52
2/6/17,13:30,0,95.14,94.08,95.04
2/6/17,16:00,0,95.08,94.66,94.81
2/7/17,13:30,0,95.5,94.57,94.94
2/7/17,16:00,0,95.12,94.86,95.03
2/8/17,13:30,0,95.37,94.58,95.01
2/8/17,16:00,0,95.21,94.92,94.96
2/9/17,13:30,0,95.41,94.77,95.04
2/9/17,16:00,0,95.47,95.04,95.37
2/10/17,13:30,0,96.22,94.94,95.71
2/10/17,16:00,0,96.09,95.61,95.83
2/13/17,13:30,0,97.02,96.1,96.97
2/13/17,16:00,0,97.03,96.47,96.5
2/14/17,13:30,0,97.07,96.22,96.58
2/14/17,16:00,0,96.74,96.32,96.52
2/15/17,13:30,0,97.42,95.68,96.98
2/15/17,16:00,0,97.03,96.75,96.75
2/16/17,13:30,0,96.85,95.42,95.52
2/16/17,16:00,0,96.04,95.5,95.92
2/17/17,13:30,0,95.82,94.43,94.97
2/17/17,16:00,0,95.21,94.88,95.21
2/21/17,13:30,0,96.05,94.93,96.04
2/21/17,16:00,0,96.02,95.43,95.45
2/22/17,13:30,0,96.21,95,96.01
2/22/17,16:00,0,96.07,95.71,95.93
2/23/17,13:30,0,97.39,95.79,95.96
2/23/17,16:00,0,96,95.42,95.53
2/24/17,13:30,0,96.07,94.65,95.79
2/24/17,16:00,0,96.15,95.78,96.14
2/27/17,13:30,0,96.5,95.57,96.48
2/27/17,16:00,0,96.89,96.4,96.71
2/28/17,13:30,0,97.15,96.54,96.62
2/28/17,16:00,0,96.77,96.08,96.1
3/1/17,13:30,0,97.5,96.53,97.32
3/1/17,16:00,0,97.67,97.28,97.32
3/2/17,13:30,0,97.48,96.77,97.1
3/2/17,16:00,0,97.36,96.99,97.18
3/3/17,13:30,0,97.07,94.66,95.5
3/3/17,16:00,0,95.53,95.1,95.48
3/6/17,13:30,0,94.75,93.4,94.64
3/6/17,16:00,0,94.98,94.36,94.81
3/7/17,13:30,0,94.91,94.07,94.42
3/7/17,16:00,0,94.8,94.36,94.51
3/8/17,13:30,0,96.09,95.01,95.7
3/8/17,16:00,0,95.73,95.27,95.37
3/9/17,13:30,0,96.13,95.25,95.34
3/9/17,16:00,0,95.59,94.89,95.51
3/10/17,13:30,0,97.72,95.75,96.39
3/10/17,16:00,0,97.3,96.38,97.23
3/13/17,13:30,0,97.65,96.4,96.94
3/13/17,16:00,0,97.05,96.52,96.88
3/14/17,13:30,0,96.82,95.44,95.71
3/14/17,16:00,0,95.99,95.53,95.93
3/15/17,13:30,0,96.5,95.86,96.43
3/15/17,16:00,0,97,96.39,96.73
3/16/17,13:30,0,97.24,96.45,96.95
3/16/17,16:00,0,97.16,96.84,96.98
3/17/17,13:30,0,98.46,96.88,98.24
3/17/17,16:00,0,98.45,97.68,97.8
3/20/17,13:30,0,98.02,97.06,97.67
3/20/17,16:00,0,97.94,97.42,97.91
3/21/17,13:30,0,99,96.63,97
3/21/17,16:00,0,97.46,96.76,97.04
3/22/17,13:30,0,98.49,95.56,98.09
3/22/17,16:00,0,99.07,98.02,98.74
3/23/17,13:30,0,100.48,99.05,99.48
3/23/17,16:00,0,99.85,99.22,99.35
3/24/17,13:30,0,99.79,98.79,99.12
3/24/17,16:00,0,99.16,98.18,98.58
3/27/17,13:30,0,99.13,97.33,99.06
3/27/17,16:00,0,99.57,98.92,99.3
3/28/17,13:30,0,101.1,99.76,100.53
3/28/17,16:00,0,101.11,100.3,100.34
3/29/17,13:30,0,100.33,98.81,99
3/29/17,16:00,0,99.01,98.63,98.9
3/30/17,13:30,0,99.52,98.92,99.1
3/30/17,16:00,0,99.74,99.03,99.65
3/31/17,13:30,0,99.88,98.26,98.5
3/31/17,16:00,0,98.54,98.05,98.09
4/3/17,13:30,0,98.46,96.78,97.29
4/3/17,16:00,0,97.74,97.22,97.67
4/4/17,13:30,0,98.57,97.41,98.27
4/4/17,16:00,0,98.35,97.74,98.09
4/5/17,13:30,0,99.54,97.66,99.46
4/5/17,16:00,0,99.51,97.85,98.16
4/6/17,13:30,0,99,97.12,98.98
4/6/17,16:00,0,99.22,98.62,98.77
4/7/17,13:30,0,98.76,96.53,97.46
4/7/17,16:00,0,97.7,97.27,97.39
4/10/17,13:30,0,98.71,97.12,98.15
4/10/17,16:00,0,98.31,97.82,97.94
4/11/17,13:30,0,97.88,94.94,95.17
4/11/17,16:00,0,95.38,94.85,95.3
4/12/17,13:30,0,95.87,93.95,94.06
4/12/17,16:00,0,94.77,93.97,94.71
4/13/17,13:30,0,95.35,94.02,94.18
4/13/17,16:00,0,94.69,93.86,94.36
4/17/17,13:30,0,95.44,94.35,95.25
4/17/17,16:00,0,96.15,95.32,95.94
4/18/17,13:30,0,95.92,94.58,94.96
4/18/17,16:00,0,95.62,94.95,95.55
4/19/17,13:30,0,97.05,95.84,96.16
4/19/17,16:00,0,96.27,95.6,95.91
4/20/17,13:30,0,97.98,96.32,97.67
4/20/17,16:00,0,97.72,97.13,97.21
4/21/17,13:30,0,97.83,96.91,97.05
4/21/17,16:00,0,97.51,96.9,97.33
4/24/17,13:30,0,99.49,96.91,97.72
4/24/17,16:00,0,97.93,97.41,97.44
4/25/17,13:30,0,98.92,97.84,98.79
4/25/17,16:00,0,99.44,98.74,99.17
4/26/17,13:30,0,100.74,99.14,100.61
4/26/17,16:00,0,100.92,100.44,100.47
4/27/17,13:30,0,102.68,100.31,101.64
4/27/17,16:00,0,101.93,100.57,100.66
4/28/17,13:30,0,110.6,106.11,109.1
4/28/17,16:00,0,109.13,105.42,106.58
5/1/17,13:30,0,110.32,106.08,110.15
5/1/17,16:00,0,110.23,108.32,108.38
5/2/17,13:30,0,108.95,106.56,106.66
5/2/17,16:00,0,108.16,106.46,108.07
5/3/17,13:30,0,108.02,107.13,107.45
5/3/17,16:00,0,108.25,107.29,108.09
5/4/17,13:30,0,108.91,107.47,108.12
5/4/17,16:00,0,108.42,107.84,107.93
5/5/17,13:30,0,108.77,107.86,108.62
5/5/17,16:00,0,108.92,108.38,108.59
5/8/17,13:30,0,109,107.79,108.08
5/8/17,16:00,0,108.12,107.69,107.97
5/9/17,13:30,0,108.88,108.15,108.58
5/9/17,16:00,0,109.16,108.55,108.81
5/10/17,13:30,0,108.88,107.55,108.13
5/10/17,16:00,0,108.46,108.06,108.34
5/11/17,13:30,0,108.16,106.68,107.77
5/11/17,16:00,0,108.33,107.75,108.26
5/12/17,13:30,0,108.56,107.37,107.44
5/12/17,16:00,0,107.8,107.26,107.57
5/15/17,13:30,0,108.16,106.97,107.99
5/15/17,16:00,0,108.13,107.73,108.1
5/16/17,13:30,0,108.39,107.1,107.88
5/16/17,16:00,0,107.89,107.29,107.36
5/17/17,13:30,0,106.96,104.57,104.65
5/17/17,16:00,0,104.83,103.52,103.65
5/18/17,13:30,0,105.76,103.74,105.19
5/18/17,16:00,0,105.97,104.96,104.98
5/19/17,13:30,0,106.87,105.05,106.49
5/19/17,16:00,0,106.71,106,106.09
5/22/17,13:30,0,107.2,105.61,107.01
5/22/17,16:00,0,107.35,106.89,107.2
5/23/17,13:30,0,108.04,106.48,107.52
5/23/17,16:00,0,107.65,107.08,107.16
5/24/17,13:30,0,107.99,106.92,107.71
5/24/17,16:00,0,108.37,107.71,108.17
5/25/17,13:30,0,110.72,108.58,110.67
5/25/17,16:00,0,111,110.18,110.27
5/26/17,13:30,0,111.45,110.01,110.99
5/26/17,16:00,0,111.19,110.67,111.1
5/30/17,13:30,0,111.14,110.07,110.39
5/30/17,16:00,0,110.98,110.31,110.44
5/31/17,13:30,0,111.05,109.75,110
5/31/17,16:00,0,110.35,109.9,110.18
6/1/17,13:30,0,112.86,110.29,112.17
6/1/17,16:00,0,112.95,112.04,112.75
6/2/17,13:30,0,114.5,113.22,113.64
6/2/17,16:00,0,113.78,113.22,113.38
6/5/17,13:30,0,113.25,112.23,112.43
6/5/17,16:00,0,112.48,112.05,112.06
6/6/17,13:30,0,112.31,110.86,111.67
6/6/17,16:00,0,111.69,110.83,110.85
6/7/17,13:30,0,112.15,110.39,112.07
6/7/17,16:00,0,112.62,111.93,112.14
6/8/17,13:30,0,113.7,111.78,113.22
6/8/17,16:00,0,113.5,112.6,112.82
6/9/17,13:30,0,113.53,110.83,110.99
6/9/17,16:00,0,111.01,108.86,109.81
6/12/17,13:30,0,109.94,106.66,109.55
6/12/17,16:00,0,110,109.15,109.92
6/13/17,13:30,0,112.61,110.72,111.13
6/13/17,16:00,0,111.23,110.64,110.83
6/14/17,13:30,0,112.82,111.54,112.16
6/14/17,16:00,0,112.23,110.73,111.64
6/15/17,13:30,0,110.74,109.56,110.59
6/15/17,16:00,0,112.13,110.55,112.07
6/16/17,13:30,0,112.35,110.73,112
6/16/17,16:00,0,112,111.61,111.91
6/19/17,13:30,0,113.26,112.31,112.95
6/19/17,16:00,0,113.45,112.87,113.34
6/20/17,13:30,0,113.68,112.01,112.24
6/20/17,16:00,0,112.37,111.58,111.67
6/21/17,13:30,0,114.34,111.96,113.72
6/21/17,16:00,0,114.03,113.43,113.9
6/22/17,13:30,0,115.63,113.36,113.57
6/22/17,16:00,0,113.67,112.09,112.15
6/23/17,13:30,0,112.36,110.84,111.95
6/23/17,16:00,0,112.04,111.39,111.85
6/26/17,13:30,0,112.76,111.21,111.54
6/26/17,16:00,0,111.71,111.22,111.3
6/27/17,13:30,0,111.52,109.8,109.8
6/27/17,16:00,0,110.05,108.81,108.9
6/28/17,13:30,0,110.8,109.77,110.79
6/28/17,16:00,0,110.95,110.18,110.75
6/29/17,13:30,0,110.82,107.87,107.96
6/29/17,16:00,0,109.49,107.99,109.25
6/30/17,13:30,0,109.84,108.42,109.39
6/30/17,16:00,0,109.81,108.96,109.24
7/3/17,13:30,0,111.22,108.82,108.84
7/3/17,16:00,0,108.84,108.84,108.84
7/5/17,13:30,0,110.91,109,110.79
7/5/17,16:00,0,111.1,110.55,110.63
7/6/17,13:30,0,109.86,108.13,109.47
7/6/17,16:00,0,109.72,108.28,108.58
7/7/17,13:30,0,110,108.58,109.75
7/7/17,16:00,0,109.91,109.14,109.22
7/10/17,13:30,0,109.68,108.89,109.06
7/10/17,16:00,0,109.4,108.94,109.18
7/11/17,13:30,0,109.36,107.79,108.28
7/11/17,16:00,0,109.39,108.15,109.24
7/12/17,13:30,0,110.38,109.6,109.78
7/12/17,16:00,0,110.26,109.7,110.03
7/13/17,13:30,0,110.31,108.85,109.43
7/13/17,16:00,0,109.82,109.2,109.54
7/14/17,13:30,0,109.87,108.49,108.83
7/14/17,16:00,0,109.18,108.7,108.88
7/17/17,13:30,0,111.9,108.65,111.81
7/17/17,16:00,0,111.97,111.43,111.52
7/18/17,13:30,0,112.29,110.8,111.22
7/18/17,16:00,0,112.09,111.22,111.84
7/19/17,13:30,0,112.6,111.61,112.21
7/19/17,16:00,0,112.59,112.08,112.56
7/20/17,13:30,0,116.18,113.73,115.94
7/20/17,16:00,0,116.36,115.17,115.26
7/21/17,13:30,0,116.2,114.77,115.61
7/21/17,16:00,0,115.75,114.98,115.1
7/24/17,13:30,0,116.28,114.53,115.92
7/24/17,16:00,0,116.01,115.47,115.73
7/25/17,13:30,0,116.89,114.87,115.02
7/25/17,16:00,0,115.19,114.63,114.93
7/26/17,13:30,0,115.44,114.41,114.52
7/26/17,16:00,0,114.73,114.25,114.45
7/27/17,13:30,0,115.14,112.63,112.77
7/27/17,16:00,0,113.3,112.32,113.29
7/28/17,13:30,0,113.42,112.19,112.92
7/28/17,16:00,0,113.74,112.84,113.37
7/31/17,13:30,0,114.99,113.3,113.81
7/31/17,16:00,0,114.05,112.87,113.09
8/1/17,13:30,0,120,116.21,117.46
8/1/17,16:00,0,117.69,116.51,116.84
8/2/17,13:30,0,117.68,114.66,116.65
8/2/17,16:00,0,117.59,116.64,117.38
8/3/17,13:30,0,120.47,117,119.89
8/3/17,16:00,0,120.36,119.6,119.91
8/4/17,13:30,0,120.96,119.36,119.51
8/4/17,16:00,0,119.82,119.4,119.67
8/7/17,13:30,0,120,118.22,118.49
8/7/17,16:00,0,118.53,117.63,117.75
8/8/17,13:30,0,121.47,117.8,120.98
8/8/17,16:00,0,121.22,119.6,119.8
8/9/17,13:30,0,120.51,118.06,120.17
8/9/17,16:00,0,120.49,119.59,120.48
8/10/17,13:30,0,119.85,116.38,117.33
8/10/17,16:00,0,117.89,117.05,117.27
8/11/17,13:30,0,117.74,115.45,116.9
8/11/17,16:00,0,117.44,116.69,117.22
8/14/17,13:30,0,119.76,118.3,119.59
8/14/17,16:00,0,119.92,119.51,119.6
8/15/17,13:30,0,122.96,120.4,122.47
8/15/17,16:00,0,122.57,121.68,121.69
8/16/17,13:30,0,122.6,121.39,121.77
8/16/17,16:00,0,121.79,121.11,121.24
8/17/17,13:30,0,121.15,119.7,120.03
8/17/17,16:00,0,120.22,119.12,119.17
8/18/17,13:30,0,120,118.37,119.35
8/18/17,16:00,0,119.51,118.78,118.8
8/21/17,13:30,0,120.23,118.91,119.55
8/21/17,16:00,0,120.15,119.6,119.98
8/22/17,13:30,0,121.06,119.88,120.37
8/22/17,16:00,0,121.36,120.25,121.02
8/23/17,13:30,0,121.47,120.45,121.06
8/23/17,16:00,0,121.24,120.58,120.6
8/24/17,13:30,0,121.34,119.97,120.4
8/24/17,16:00,0,120.69,120.15,120.51
8/25/17,13:30,0,121.01,119.95,120.17
8/25/17,16:00,0,120.67,120.14,120.44
8/28/17,13:30,0,121.7,120.42,120.88
8/28/17,16:00,0,120.91,120.56,120.74
8/29/17,13:30,0,120.26,118.65,120.17
8/29/17,16:00,0,120.47,119.91,120.33
8/30/17,13:30,0,121.59,119.66,121.59
8/30/17,16:00,0,121.73,121.25,121.62
8/31/17,13:30,0,123.63,122,123.54
8/31/17,16:00,0,124.51,123.38,124.42
9/1/17,13:30,0,125,123.82,124.43
9/1/17,16:00,0,124.69,124.17,124.23
9/5/17,13:30,0,123.92,117.78,118.29
9/5/17,16:00,0,119.33,118.14,119.03
9/6/17,13:30,0,119.54,117.26,118.82
9/6/17,16:00,0,119.56,118.69,118.79
9/7/17,13:30,0,119.88,117.53,118.25
9/7/17,16:00,0,118.24,117.34,117.5
9/8/17,13:30,0,118.7,115.6,118.17
9/8/17,16:00,0,118.17,117.36,117.45
9/11/17,13:30,0,123.33,120.01,121.39
9/11/17,16:00,0,121.7,121.08,121.66
9/12/17,13:30,0,122.24,120.48,120.87
9/12/17,16:00,0,121.83,120.77,121.64
9/13/17,13:30,0,121.79,120.6,121.73
9/13/17,16:00,0,122.34,121.54,122.18
9/14/17,13:30,0,124.76,121.13,124.5
9/14/17,16:00,0,124.73,123.48,123.56
9/15/17,13:30,0,122.23,119.81,120.99
9/15/17,16:00,0,121.12,120.75,120.93
9/18/17,13:30,0,121.09,119.42,119.48
9/18/17,16:00,0,119.47,118.74,118.8
9/19/17,13:30,0,119.02,117.49,117.66
9/19/17,16:00,0,118.69,117.66,118.5
9/20/17,13:30,0,118.57,114.68,115.32
9/20/17,16:00,0,115.87,114.6,115.55
9/21/17,13:30,0,116.57,114.07,116.44
9/21/17,16:00,0,116.75,116.01,116.19
9/22/17,13:30,0,116.34,114.81,115.36
9/22/17,16:00,0,115.66,115.08,115.21
9/25/17,13:30,0,115.1,113.2,113.89
9/25/17,16:00,0,114.11,113.57,113.89
9/26/17,13:30,0,119.49,115.32,117.32
9/26/17,16:00,0,117.59,116.81,117.22
9/27/17,13:30,0,118.53,116.37,116.75
9/27/17,16:00,0,116.98,115.54,115.75
9/28/17,13:30,0,118.54,115.09,118
9/28/17,16:00,0,118.49,117.9,118.21
9/29/17,13:30,0,119.14,116.73,119
9/29/17,16:00,0,119.35,118.29,118.54
10/2/17,13:30,0,118.92,117.55,118.83
10/2/17,16:00,0,119.22,118.72,119.12
10/3/17,13:30,0,119.64,117.82,119.06
10/3/17,16:00,0,119.27,118.52,119
10/4/17,13:30,0,122.3,119,121.64
10/4/17,16:00,0,122.03,121.39,121.69
10/5/17,13:30,0,124.23,121.86,123.95
10/5/17,16:00,0,124.12,123.46,123.68
10/6/17,13:30,0,125,122.78,123.08
10/6/17,16:00,0,123.4,122.93,123.36
10/9/17,13:30,0,124.58,122.98,124.12
10/9/17,16:00,0,124.64,123.99,124.5
10/10/17,13:30,0,126.07,124.59,125.12
10/10/17,16:00,0,125.37,124.73,124.8
10/11/17,13:30,0,125.86,124.5,124.97
10/11/17,16:00,0,125.35,124.93,125.01
10/12/17,13:30,0,125.68,124.51,125.15
10/12/17,16:00,0,125.34,124.77,125.02
10/13/17,13:30,0,126.71,125.27,126.66
10/13/17,16:00,0,128.09,126.66,127.78
10/16/17,13:30,0,127.92,126.5,127.16
10/16/17,16:00,0,127.57,127.05,127.38
10/17/17,13:30,0,127.66,127,127.23
10/17/17,16:00,0,127.39,127.13,127.24
10/18/17,13:30,0,127.58,125.04,125.35
10/18/17,16:00,0,125.5,124.85,124.9
10/19/17,13:30,0,124.65,121.36,122.31
10/19/17,16:00,0,122.41,121.06,121.18
10/20/17,13:30,0,122.7,120.14,120.5
10/20/17,16:00,0,120.9,120.35,120.68
10/23/17,13:30,0,122.88,120.75,121.85
10/23/17,16:00,0,122.23,121.57,121.74
10/24/17,13:30,0,122.56,121.37,122.12
10/24/17,16:00,0,122.65,122.08,122.41
10/25/17,13:30,0,122.86,120.71,121.11
10/25/17,16:00,0,121.32,120.95,121.25
10/26/17,13:30,0,122.96,121.84,122.92
10/26/17,16:00,0,123.28,122.72,123.03
10/27/17,13:30,0,125.82,121.7,125.02
10/27/17,16:00,0,125.29,124.14,124.22
10/30/17,13:30,0,123.95,122.64,123
10/30/17,16:00,0,123.16,121.33,122.02
10/31/17,13:30,0,125.26,122.19,123.75
10/31/17,16:00,0,124.21,123.62,123.75
11/1/17,13:30,0,124.75,123.23,123.64
11/1/17,16:00,0,123.71,120.28,120.86
11/2/17,13:30,0,124.59,120.93,123.42
11/2/17,16:00,0,123.4,122.64,123.07
11/3/17,13:30,0,123.8,122.77,123.23
11/3/17,16:00,0,123.36,122.95,123.18
11/6/17,13:30,0,127.24,123.64,125.63
11/6/17,16:00,0,126.09,125.04,125.31
11/7/17,13:30,0,133.75,126.86,129.59
11/7/17,16:00,0,130.04,128.56,129.21
11/8/17,13:30,0,130.18,128.36,129.93
11/8/17,16:00,0,129.93,128.52,129
11/9/17,13:30,0,129.08,127.04,127.21
11/9/17,16:00,0,127.29,126.12,126.65
11/10/17,13:30,0,125.39,120.76,124.1
11/10/17,16:00,0,125.07,123.83,124.21
11/13/17,13:30,0,124.75,122.86,124.5
11/13/17,16:00,0,124.75,124.29,124.49
11/14/17,13:30,0,123.67,121.39,123.04
11/14/17,16:00,0,123.57,122.68,123.49
11/15/17,13:30,0,123.8,121.67,122.81
11/15/17,16:00,0,123.16,122.37,122.5
11/16/17,13:30,0,123.74,121.64,123.67
11/16/17,16:00,0,123.71,122.64,122.75
11/17/17,13:30,0,124.02,122.19,123.25
11/17/17,16:00,0,124.53,123.2,124.4
11/20/17,13:30,0,124.84,122.78,123.58
11/20/17,16:00,0,124.13,123.43,123.91
11/21/17,13:30,0,124.94,123.18,124.94
11/21/17,16:00,0,125.53,124.74,124.8
11/22/17,13:30,0,125.64,124.32,124.62
11/22/17,16:00,0,125.55,124.5,125.46
11/24/17,13:30,0,125.9,124.66,125.2
11/24/17,16:00,0,125.21,125.21,125.21
11/27/17,13:30,0,126.19,124.87,125.3
11/27/17,16:00,0,125.33,124.87,125.25
11/28/17,13:30,0,127.15,124.71,126.3
11/28/17,16:00,0,126.76,125.65,125.8
11/29/17,13:30,0,126.51,124.04,125.15
11/29/17,16:00,0,125.32,124.5,124.7
11/30/17,13:30,0,125.08,120.07,124.89
11/30/17,16:00,0,125.14,123.62,123.9
12/1/17,13:30,0,125.52,122.52,124.31
12/1/17,16:00,0,125.92,123.8,125.17
12/4/17,13:30,0,127.82,125.63,126.41
12/4/17,16:00,0,126.58,125.08,125.08
12/5/17,13:30,0,125.88,123.72,124.19
12/5/17,16:00,0,124.23,122.72,122.84
12/6/17,13:30,0,123.5,121.61,123.38
12/6/17,16:00,0,123.56,122.95,123.03
12/7/17,13:30,0,124.8,122.47,123.98
12/7/17,16:00,0,124.16,123.58,124.06
12/8/17,13:30,0,126.59,124.22,126.19
12/8/17,16:00,0,126.22,125.1,125.23
12/11/17,13:30,0,126.05,124.46,125.16
12/11/17,16:00,0,125.7,125.06,125.46
12/12/17,13:30,0,125.58,123.46,124.2
12/12/17,16:00,0,124.45,123.66,123.87
12/13/17,13:30,0,123.84,122.15,122.28
12/13/17,16:00,0,122.4,121.57,121.74
12/14/17,13:30,0,122.79,121.11,122.4
12/14/17,16:00,0,122.65,121.6,121.66
12/15/17,13:30,0,125.25,122.37,125.21
12/15/17,16:00,0,125.65,124.92,125.09
12/18/17,13:30,0,129.67,125.18,126.3
12/18/17,16:00,0,126.81,125.82,126.59
12/19/17,13:30,0,128.62,126.39,126.75
12/19/17,16:00,0,127,126.43,126.54
12/20/17,13:30,0,127.12,123.55,124.75
12/20/17,16:00,0,124.79,123.35,123.47
12/21/17,13:30,0,124.44,121.68,122.03
12/21/17,16:00,0,122.21,121.34,121.75
12/22/17,13:30,0,122.19,120.52,120.52
12/22/17,16:00,0,121.28,120.41,121.04
12/26/17,13:30,0,120.93,119.85,120.43
12/26/17,16:00,0,120.42,119.87,120.21
12/27/17,13:30,0,121.53,120.03,120.99
12/27/17,16:00,0,121.23,120.76,121.21
12/28/17,13:30,0,121.6,120.42,120.47
12/28/17,16:00,0,120.97,120.31,120.88
12/29/17,13:30,0,121.47,119.96,120.05
12/29/17,16:00,0,120.05,119.21,119.29
1/2/18,13:30,0,120.52,119.58,120.05
1/2/18,16:00,0,120.41,119.88,120.38
1/3/18,13:30,0,124.45,121.04,123.26
1/3/18,16:00,0,124.19,123.22,123.58
1/4/18,13:30,0,124.21,121.86,122.09
1/4/18,16:00,0,122.66,121.91,122.45
1/5/18,13:30,0,122.86,120.63,121.28
1/5/18,16:00,0,121.32,120.86,121.18
1/8/18,13:30,0,121.72,120.12,121.31
1/8/18,16:00,0,121.41,121,121.11
1/9/18,13:30,0,124.12,121.4,123.44
1/9/18,16:00,0,123.9,123.04,123.18
1/10/18,13:30,0,124.38,123,123.87
1/10/18,16:00,0,123.95,123.05,123.09
1/11/18,13:30,0,125.99,123.73,124.92
1/11/18,16:00,0,125.6,124.7,125.41
1/12/18,13:30,0,127.62,125.23,127.17
1/12/18,16:00,0,127.65,126.74,127.52
1/16/18,13:30,0,129.25,127.68,127.95
1/16/18,16:00,0,127.99,125.79,126.79
1/17/18,13:30,0,129.65,126.98,129.45
1/17/18,16:00,0,130.61,129.3,130.23
1/18/18,13:30,0,130.5,128.93,129.81
1/18/18,16:00,0,130.14,129.26,129.33
1/19/18,13:30,0,130.41,129.01,129.21
1/19/18,16:00,0,129.66,128.8,128.97
1/22/18,13:30,0,128.89,126.54,128.05
1/22/18,16:00,0,128.76,127.39,128.72
1/23/18,13:30,0,129.11,126.67,127.24
1/23/18,16:00,0,127.6,126.75,127.27
1/24/18,13:30,0,134.76,127.49,130.79
1/24/18,16:00,0,133.07,130.57,132.49
1/25/18,13:30,0,132.68,130.05,131.16
1/25/18,16:00,0,132.05,130.96,131.94
1/26/18,13:30,0,134.55,132.12,134.37
1/26/18,16:00,0,135.19,134.14,134.97
1/29/18,13:30,0,135.65,133.75,134.8
1/29/18,16:00,0,135.13,134.39,134.76
1/30/18,13:30,0,135.1,132.82,133.55
1/30/18,16:00,0,133.91,133.27,133.29
1/31/18,13:30,0,134.81,133.18,134.34
1/31/18,16:00,0,134.39,133.48,133.56
2/1/18,13:30,0,134.19,132.86,133.65
2/1/18,16:00,0,133.82,132.92,133.32
2/2/18,13:30,0,133.28,130.87,130.99
2/2/18,16:00,0,131.13,129.21,129.65
2/5/18,13:30,0,129.94,127.92,128.19
2/5/18,16:00,0,129.06,124.55,125.37
2/6/18,13:30,0,127.91,122.55,125.82
2/6/18,16:00,0,128.03,124.42,127.67
2/7/18,13:30,0,129.87,127.16,128.67
2/7/18,16:00,0,130.09,128.26,128.51
2/8/18,13:30,0,128.68,124.4,124.82
2/8/18,16:00,0,126.05,122.42,122.46
2/9/18,13:30,0,125.05,119.76,120.3
2/9/18,16:00,0,125.61,119.82,124.46
2/12/18,13:30,0,129.3,125.97,128.54
2/12/18,16:00,0,130.5,128.49,129.26
2/13/18,13:30,0,129.63,127.75,129.61
2/13/18,16:00,0,130.15,128.9,129.05
2/14/18,13:30,0,131.34,128.01,130.87
2/14/18,16:00,0,131.09,130.08,130.53
2/15/18,13:30,0,131.99,129.9,131.85
2/15/18,16:00,0,131.82,131.21,131.73
2/16/18,13:30,0,132.7,130.27,131.94
2/16/18,16:00,0,132.61,131.65,131.71
2/20/18,13:30,0,132.92,130.6,132.69
2/20/18,16:00,0,132.83,131.09,131.56
2/21/18,13:30,0,132.88,131.01,132.03
2/21/18,16:00,0,133.09,130.47,130.57
2/22/18,13:30,0,131.96,129.84,130.42
2/22/18,16:00,0,130.6,129.59,129.6
2/23/18,13:30,0,130.78,129.7,130.02
2/23/18,16:00,0,130.76,129.87,130.2
2/26/18,13:30,0,131.27,129.94,130.47
2/26/18,16:00,0,130.65,129.99,130.4
2/27/18,13:30,0,130.62,129.42,129.89
2/27/18,16:00,0,130.04,128.83,128.85
2/28/18,13:30,0,130.13,127.55,127.84
2/28/18,16:00,0,127.91,126.55,126.61
3/1/18,13:30,0,127.45,124.15,124.57
3/1/18,16:00,0,124.85,123.15,123.91
3/2/18,13:30,0,123.14,121.1,121.25
3/2/18,16:00,0,123,120.96,122.57
3/5/18,13:30,0,122.47,120.44,121.55
3/5/18,16:00,0,122.13,121.33,121.36
3/6/18,13:30,0,123.18,121.2,122.93
3/6/18,16:00,0,124.19,122.94,123.82
3/7/18,13:30,0,123.29,122.24,123.15
3/7/18,16:00,0,123.83,122.9,123.53
3/8/18,13:30,0,125.2,124.06,124.65
3/8/18,16:00,0,125.03,124.22,124.79
3/9/18,13:30,0,126.08,124.43,125.97
3/9/18,16:00,0,126.67,125.97,126.62
3/12/18,13:30,0,127.24,124.91,125.07
3/12/18,16:00,0,125.52,124.77,125.26
3/13/18,13:30,0,127.02,125.39,126.94
3/13/18,16:00,0,127,125.62,125.98
3/14/18,13:30,0,126.65,124.95,125.1
3/14/18,16:00,0,125.76,124.66,125.71
3/15/18,13:30,0,126.15,124.72,125.16
3/15/18,16:00,0,125.17,124.64,124.66
3/16/18,13:30,0,125.07,124.26,124.4
3/16/18,16:00,0,125.11,124.32,124.75
3/19/18,13:30,0,125.59,123.48,123.59
3/19/18,16:00,0,124.54,123.52,124.41
3/20/18,13:30,0,126.96,124.47,124.65
3/20/18,16:00,0,125.28,124.39,124.83
3/21/18,13:30,0,125.13,123.68,123.68
3/21/18,16:00,0,124.62,123.08,123.35
3/22/18,13:30,0,124.92,121.78,122.38
3/22/18,16:00,0,122.97,120.05,120.18
3/23/18,13:30,0,120.96,118.8,119.56
3/23/18,16:00,0,119.99,116.98,117.02
3/26/18,13:30,0,119.13,117.31,118.4
3/26/18,16:00,0,119.97,117.95,119.92
3/27/18,13:30,0,121.24,119.21,120.72
3/27/18,16:00,0,120.81,117.69,118.3
3/28/18,13:30,0,118.93,116.01,117.14
3/28/18,16:00,0,117.43,115.94,116.53
3/29/18,13:30,0,118.23,116.55,117.96
3/29/18,16:00,0,118.72,117.73,117.74
4/2/18,13:30,0,118.66,115.46,115.46
4/2/18,16:00,0,116.43,114.74,116.25
4/3/18,13:30,0,116.97,114.81,115.4
4/3/18,16:00,0,115.99,114.62,115.65
4/4/18,13:30,0,116.19,113.92,115.79
4/4/18,16:00,0,117.1,115.59,116.85
4/5/18,13:30,0,118.79,116.86,117.8
4/5/18,16:00,0,118.26,117.58,117.81
4/6/18,13:30,0,117.73,116.31,116.63
4/6/18,16:00,0,116.77,114.02,114.83
4/9/18,13:30,0,117.37,115.61,116.68
4/9/18,16:00,0,116.71,115.06,115.15
4/10/18,13:30,0,116.8,111.76,111.78
4/10/18,16:00,0,113.06,110.88,112.92
4/11/18,13:30,0,115.01,112.71,113.73
4/11/18,16:00,0,114,113.09,113.17
4/12/18,13:30,0,115.09,113.51,113.73
4/12/18,16:00,0,115,113.77,114.7
4/13/18,13:30,0,115.73,113.91,114.4
4/13/18,16:00,0,114.41,113.25,113.74
4/16/18,13:30,0,116.08,114.43,115.97
4/16/18,16:00,0,116.09,115.48,115.72
4/17/18,13:30,0,117.22,116.25,117.05
4/17/18,16:00,0,117.31,116.88,116.97
4/18/18,13:30,0,118.96,117.22,118.58
4/18/18,16:00,0,118.69,118.15,118.29
4/19/18,13:30,0,119.08,117.82,118.06
4/19/18,16:00,0,118.46,117.82,118
4/20/18,13:30,0,119.98,118.13,119.15
4/20/18,16:00,0,119.43,118.62,119.11
4/23/18,13:30,0,120.73,119.15,119.43
4/23/18,16:00,0,119.8,118.85,119.7
4/24/18,13:30,0,120.58,117.88,117.97
4/24/18,16:00,0,118.11,116.64,117.27
4/25/18,13:30,0,117.66,115.78,117.57
4/25/18,16:00,0,118.8,117.5,118.47
4/26/18,13:30,0,120.22,113.64,114.6
4/26/18,16:00,0,114.83,112.71,112.93
4/27/18,13:30,0,115.45,111.25,111.26
4/27/18,16:00,0,111.88,111.04,111.82
4/30/18,13:30,0,112.64,108.75,109.01
4/30/18,16:00,0,109.3,107.96,108.14
5/1/18,13:30,0,108.94,107.05,107.72
5/1/18,16:00,0,109.52,107.64,109.49
5/2/18,13:30,0,109.84,107.35,107.97
5/2/18,16:00,0,108.29,106.99,107.19
5/3/18,13:30,0,107.24,105.11,106.04
5/3/18,16:00,0,106.59,105.97,106.35
5/4/18,13:30,0,107.13,105.31,106.66
5/4/18,16:00,0,108.2,106.64,107.35
5/7/18,13:30,0,107.45,104.75,104.86
5/7/18,16:00,0,105.23,104.7,105.06
5/8/18,13:30,0,106.62,104.51,104.98
5/8/18,16:00,0,105,103.76,104.08
5/9/18,13:30,0,105.13,103.87,104.84
5/9/18,16:00,0,105.33,104.81,105.16
5/10/18,13:30,0,107.95,106,107.52
5/10/18,16:00,0,107.53,106.9,107.25
5/11/18,13:30,0,107.52,106.07,106.61
5/11/18,16:00,0,107.21,106.4,107.01
5/14/18,13:30,0,107.52,106.06,106.87
5/14/18,16:00,0,107.35,106.85,107.14
5/15/18,13:30,0,107.45,106.15,106.51
5/15/18,16:00,0,106.75,106.24,106.63
5/16/18,13:30,0,108.69,106.48,108.27
5/16/18,16:00,0,108.71,107.81,107.99
5/17/18,13:30,0,108.58,107.04,108.05
5/17/18,16:00,0,108.12,107.05,107.33
5/18/18,13:30,0,107.39,105.9,106.76
5/18/18,16:00,0,107.25,106.69,106.95
5/21/18,13:30,0,108.14,107.33,107.33
5/21/18,16:00,0,107.55,107,107.21
5/22/18,13:30,0,107.6,106.64,107.46
5/22/18,16:00,0,107.77,107.3,107.51
5/23/18,13:30,0,107.84,105.02,105.48
5/23/18,16:00,0,106.51,105.41,106.34
5/24/18,13:30,0,106.78,105.75,106.54
5/24/18,16:00,0,107.24,106.44,106.7
5/25/18,13:30,0,110.42,106.51,109.71
5/25/18,16:00,0,110.17,109.34,109.8
5/29/18,13:30,0,109.78,105.29,105.38
5/29/18,16:00,0,106.05,105.02,105.81
5/30/18,13:30,0,106.9,105.05,106.56
5/30/18,16:00,0,106.61,105.86,106.05
5/31/18,13:30,0,106.16,105.05,105.1
5/31/18,16:00,0,105.44,104.6,104.98
6/1/18,13:30,0,106.64,104.6,106.28
6/1/18,16:00,0,106.56,106.01,106.32
6/4/18,13:30,0,107.03,105.64,106.75
6/4/18,16:00,0,106.79,106.24,106.52
6/5/18,13:30,0,104.67,101.2,101.98
6/5/18,16:00,0,102.49,101.48,102.16
6/6/18,13:30,0,103.9,101.42,103.31
6/6/18,16:00,0,104.89,103.18,104.36
6/7/18,13:30,0,105.76,103.94,104.36
6/7/18,16:00,0,104.67,104.17,104.39
6/8/18,13:30,0,104.2,102.55,103.12
6/8/18,16:00,0,103.7,102.9,103.47
6/11/18,13:30,0,104.5,103.55,104
6/11/18,16:00,0,104.14,103.62,103.68
6/12/18,13:30,0,108.27,103.91,106.1
6/12/18,16:00,0,106.62,105.64,105.9
6/13/18,13:30,0,109.48,106.08,107.97
6/13/18,16:00,0,108.37,107.42,107.99
6/14/18,13:30,0,115.55,110.81,114
6/14/18,16:00,0,114.59,113.45,113.5
6/15/18,13:30,0,114.16,112.45,114.04
6/15/18,16:00,0,114.89,113.58,114.52
6/18/18,13:30,0,114.39,111.7,113.67
6/18/18,16:00,0,114.87,113.67,114.62
6/19/18,13:30,0,114.13,111.58,111.75
6/19/18,16:00,0,112.45,111.66,112.31
6/20/18,13:30,0,114.4,112.17,112.17
6/20/18,16:00,0,112.33,111.46,111.51
6/21/18,13:30,0,111.96,110.34,110.85
6/21/18,16:00,0,110.91,110,110.21
6/22/18,13:30,0,111.63,109.55,110.76
6/22/18,16:00,0,111.67,110.59,111.54
6/25/18,13:30,0,109.35,104.57,105.88
6/25/18,16:00,0,106.44,104.95,105.36
6/26/18,13:30,0,106.29,105.04,106.07
6/26/18,16:00,0,106.8,106.05,106.3
6/27/18,13:30,0,107.51,105.55,105.73
6/27/18,16:00,0,106.1,104.67,104.69
6/28/18,13:30,0,105.14,102.92,103.96
6/28/18,16:00,0,104.86,103.75,104.31
6/29/18,13:30,0,105.16,103.78,104.35
6/29/18,16:00,0,104.35,103.5,103.6
7/2/18,13:30,0,104.21,102.64,103.07
7/2/18,16:00,0,104.1,103.05,103.95
7/3/18,13:30,0,105.26,103.18,103.44
7/3/18,16:00,0,103.44,103.44,103.44
7/5/18,13:30,0,104.58,103.4,103.96
7/5/18,16:00,0,104.12,103.65,103.91
7/6/18,13:30,0,104.98,103.46,104.79
7/6/18,16:00,0,104.86,104.17,104.73
7/9/18,13:30,0,108.16,105.63,107.81
7/9/18,16:00,0,108.18,107.74,108.15
7/10/18,13:30,0,108.86,107.53,108.57
7/10/18,16:00,0,109.45,108.51,109.13
7/11/18,13:30,0,109.2,107.6,108.56
7/11/18,16:00,0,109.45,108.21,109.22
7/12/18,13:30,0,110.54,109.22,109.26
7/12/18,16:00,0,109.41,108.66,108.91
7/13/18,13:30,0,110.3,107.2,107.63
7/13/18,16:00,0,108,107.34,107.87
7/16/18,13:30,0,109.03,107.52,108.9
7/16/18,16:00,0,109.18,108.39,109.06
7/17/18,13:30,0,110.42,108.36,109.49
7/17/18,16:00,0,109.61,109.22,109.36
7/18/18,13:30,0,114.37,111.04,112.86
7/18/18,16:00,0,112.98,112.28,112.83
7/19/18,13:30,0,113,111.49,111.9
7/19/18,16:00,0,112.02,111.29,111.47
7/20/18,13:30,0,111.54,110.11,111.12
7/20/18,16:00,0,111.42,110.42,110.55
7/23/18,13:30,0,111.19,110.14,110.3
7/23/18,16:00,0,110.45,109.61,109.77
7/24/18,13:30,0,110.25,109.04,109.14
7/24/18,16:00,0,109.28,108.57,109.16
7/25/18,13:30,0,109.85,108.39,109.71
7/25/18,16:00,0,110.9,109.7,110.77
7/26/18,13:30,0,112.33,110.34,111.6
7/26/18,16:00,0,111.97,111.42,111.56
7/27/18,13:30,0,112.67,111.24,111.44
7/27/18,16:00,0,111.89,111.24,111.76
7/30/18,13:30,0,111.84,110.12,111.16
7/30/18,16:00,0,111.94,110.68,111.04
7/31/18,13:30,0,112.88,110.52,112.8
7/31/18,16:00,0,113.04,112.48,112.75
8/1/18,13:30,0,113.25,110.55,110.69
8/1/18,16:00,0,111.03,109.98,110.04
8/2/18,13:30,0,116.62,104.24,116.23
8/2/18,16:00,0,116.44,113.21,114.34
8/3/18,13:30,0,116.41,112.71,113.05
8/3/18,16:00,0,113.24,112.39,112.44
8/6/18,13:30,0,112.22,110.41,111.45
8/6/18,16:00,0,111.85,111.25,111.71
8/7/18,13:30,0,112.72,111.54,112.33
8/7/18,16:00,0,112.6,112.18,112.21
8/8/18,13:30,0,112.85,110.87,111.11
8/8/18,16:00,0,111.41,110.82,111.09
8/9/18,13:30,0,115.35,113.01,114.14
8/9/18,16:00,0,114.4,113.85,114.19
8/10/18,13:30,0,115.46,113.86,114.83
8/10/18,16:00,0,114.84,113.55,113.64
8/13/18,13:30,0,115.38,113.06,113.6
8/13/18,16:00,0,113.85,113.09,113.62
8/14/18,13:30,0,115.84,113.46,115.81
8/14/18,16:00,0,116.84,115.77,116.41
8/15/18,13:30,0,115.78,113.54,113.68
8/15/18,16:00,0,114.77,113.65,114.48
8/16/18,13:30,0,116.27,115.03,116.02
8/16/18,16:00,0,116.01,115.29,115.49
8/17/18,13:30,0,115.99,114.79,115.75
8/17/18,16:00,0,116.27,115.63,115.73
8/20/18,13:30,0,116.94,115.82,116.71
8/20/18,16:00,0,117.19,116.45,116.81
8/21/18,13:30,0,119.74,117.15,119.05
8/21/18,16:00,0,119.1,118.38,118.51
8/22/18,13:30,0,119.64,117.59,119.02
8/22/18,16:00,0,119.35,118.23,118.33
8/23/18,13:30,0,118.8,117.36,117.43
8/23/18,16:00,0,118.15,117.29,118.03
8/24/18,13:30,0,120.31,118.3,119.59
8/24/18,16:00,0,119.95,119.52,119.72
8/27/18,13:30,0,121.95,120.14,120.38
8/27/18,16:00,0,120.7,119.84,119.98
8/28/18,13:30,0,120.53,118.59,119.61
8/28/18,16:00,0,120.41,119.56,120.15
8/29/18,13:30,0,124.63,123,123.92
8/29/18,16:00,0,124.27,123.61,123.93
8/30/18,13:30,0,123.71,122.05,123.11
8/30/18,16:00,0,123.22,122.51,122.92
8/31/18,13:30,0,123.37,122.18,122.59
8/31/18,16:00,0,122.79,122.39,122.57
9/4/18,13:30,0,122.97,120.04,120.62
9/4/18,16:00,0,121.29,120.54,121.15
9/5/18,13:30,0,121.61,119.97,120.37
9/5/18,16:00,0,121.06,120.27,120.86
9/6/18,13:30,0,124.47,122,123.03
9/6/18,16:00,0,124.44,122.99,124.04
9/7/18,13:30,0,124.41,123.2,123.43
9/7/18,16:00,0,124.54,123.17,124.36
9/10/18,13:30,0,125.82,123.79,124.12
9/10/18,16:00,0,124.51,123.83,123.91
9/11/18,13:30,0,123.19,122.04,122.6
9/11/18,16:00,0,122.81,122.39,122.52
9/12/18,13:30,0,123.53,121.76,123.16
9/12/18,16:00,0,124.28,122.9,123.7
9/13/18,13:30,0,126.06,123.95,125.9
9/13/18,16:00,0,126.36,125.64,125.86
9/14/18,13:30,0,129.59,126.04,128.94
9/14/18,16:00,0,129.94,128.66,129.29
9/17/18,13:30,0,130.69,128.77,129.8
9/17/18,16:00,0,129.95,128.52,128.75
9/18/18,13:30,0,130.91,127.24,130.8
9/18/18,16:00,0,131.65,130.13,131
9/19/18,13:30,0,131.53,129.67,131.25
9/19/18,16:00,0,131.7,131.08,131.25
9/20/18,13:30,0,131.98,130.59,131.87
9/20/18,16:00,0,132.47,131.87,132.16
9/21/18,13:30,0,133.6,131.5,132.07
9/21/18,16:00,0,132.28,131.13,131.45
9/24/18,13:30,0,131.29,129.39,130.19
9/24/18,16:00,0,130.9,129.98,130.02
9/25/18,13:30,0,130.49,129.21,129.95
9/25/18,16:00,0,130.03,129.23,129.43
9/26/18,13:30,0,131.22,129.9,130.7
9/26/18,16:00,0,131.31,129.11,129.27
9/27/18,13:30,0,129.54,123.25,128.75
9/27/18,16:00,0,129.6,128.68,129.33
9/28/18,13:30,0,130.99,129.04,129.81
9/28/18,16:00,0,130.42,129.68,129.95
10/1/18,13:30,0,131.48,129.31,130.97
10/1/18,16:00,0,131.06,129.48,129.65
10/2/18,13:30,0,130.2,128.39,128.85
10/2/18,16:00,0,129.38,128.2,128.39
10/3/18,13:30,0,129.08,127.68,128.96
10/3/18,16:00,0,128.99,127.89,128.07
10/4/18,13:30,0,127.81,123.86,124.83
10/4/18,16:00,0,125.68,124.53,125.52
10/5/18,13:30,0,126.68,123.01,123.15
10/5/18,16:00,0,124.05,122.87,123.68
10/8/18,13:30,0,124.94,122.85,123.81
10/8/18,16:00,0,124.93,123.65,124.45
10/9/18,13:30,0,124.67,122.96,122.97
10/9/18,16:00,0,123.58,122.67,123.11
10/10/18,13:30,0,124.05,120.46,121.11
10/10/18,16:00,0,121.04,118.67,118.76
10/11/18,13:30,0,118.96,115.86,117.66
10/11/18,16:00,0,118.25,116.21,116.84
10/12/18,13:30,0,119.51,117,117.92
10/12/18,16:00,0,119.41,117.52,119.07
10/15/18,13:30,0,120.28,118.14,118.34
10/15/18,16:00,0,119,117.75,117.77
10/16/18,13:30,0,121.27,118.72,120.9
10/16/18,16:00,0,121.86,120.83,121.61
10/17/18,13:30,0,121.88,120.11,121.21
10/17/18,16:00,0,121.33,119.92,120.6
10/18/18,13:30,0,120.66,116.68,116.84
10/18/18,16:00,0,117.51,116.37,116.61
10/19/18,13:30,0,118.01,115.33,115.81
10/19/18,16:00,0,116.04,114.63,115.18
10/22/18,13:30,0,116.33,114.57,114.82
10/22/18,16:00,0,115.17,114.51,114.58
10/23/18,13:30,0,115.15,110.56,114.63
10/23/18,16:00,0,115.39,113.91,114.84
10/24/18,13:30,0,114.8,109.24,109.39
10/24/18,16:00,0,109.49,106.54,106.9
10/25/18,13:30,0,109.51,103.06,106.42
10/25/18,16:00,0,109.03,106.37,107.97
10/26/18,13:30,0,106.23,102.66,104.55
10/26/18,16:00,0,104.75,102.38,102.99
10/29/18,13:30,0,105.34,100.7,101.25
10/29/18,16:00,0,101.99,97.48,99.49
10/30/18,13:30,0,101.91,98.25,100.02
10/30/18,16:00,0,101.98,99.73,101.81
10/31/18,13:30,0,106.42,103.76,104.99
10/31/18,16:00,0,105.84,104.64,104.73
11/1/18,13:30,0,108.18,104.68,107.6
11/1/18,16:00,0,108.79,107.33,108.43
11/2/18,13:30,0,109.17,104.76,105.73
11/2/18,16:00,0,106.29,105.02,105.78
11/5/18,13:30,0,106.49,104.77,105.06
11/5/18,16:00,0,106.2,104.91,105.82
11/6/18,13:30,0,106.33,104.67,106.04
11/6/18,16:00,0,106.2,105.09,106.11
11/7/18,13:30,0,107.47,105.45,107.44
11/7/18,16:00,0,109.29,107.41,109
11/8/18,13:30,0,110.69,107.71,108.64
11/8/18,16:00,0,108.95,107.05,107.66
11/9/18,13:30,0,108.49,106.57,107.53
11/9/18,16:00,0,107.83,107.03,107.14
11/12/18,13:30,0,107.11,105.1,105.27
11/12/18,16:00,0,105.75,104.45,104.69
11/13/18,13:30,0,108.4,105,106.64
11/13/18,16:00,0,107.06,105.79,106.24
11/14/18,13:30,0,107.82,105.7,106.27
11/14/18,16:00,0,107.24,105.26,106.52
11/15/18,13:30,0,108.6,105.5,108.53
11/15/18,16:00,0,109.98,108.37,109.89
11/16/18,13:30,0,110.94,109.07,109.92
11/16/18,16:00,0,110.68,109.52,110.02
11/19/18,13:30,0,110.19,106.4,107.06
11/19/18,16:00,0,107.54,106.46,106.95
11/20/18,13:30,0,107.91,103.69,106.48
11/20/18,16:00,0,107.67,105.94,107.23
11/21/18,13:30,0,108.86,107.23,107.83
11/21/18,16:00,0,108.23,107.19,107.38
11/23/18,13:30,0,111.04,106.99,110.28
11/23/18,16:00,0,110.28,108.07,110.28
11/26/18,13:30,0,112.17,110.61,111.12
11/26/18,16:00,0,112.2,111.09,111.47
11/27/18,13:30,0,111.34,109.42,109.81
11/27/18,16:00,0,110.75,109.69,110.75
11/28/18,13:30,0,113.65,110.57,113.09
11/28/18,16:00,0,113.39,112.17,112.54
11/29/18,13:30,0,113.43,111.59,112.59
11/29/18,16:00,0,113.27,111.42,111.63
11/30/18,13:30,0,112.81,110.68,111.39
11/30/18,16:00,0,113.16,111.16,113.06
12/3/18,13:30,0,116.48,113.72,114.43
12/3/18,16:00,0,114.57,113.38,114.24
12/4/18,13:30,0,113.76,109.9,110.18
12/4/18,16:00,0,111.02,108.57,109.14
12/6/18,13:30,0,109.2,106.21,108.28
12/6/18,16:00,0,110.28,107.64,110.22
12/7/18,13:30,0,110.48,105.02,106.2
12/7/18,16:00,0,106.23,104.69,104.91
12/10/18,13:30,0,107.38,103.3,104.39
12/10/18,16:00,0,105.13,104.06,104.82
12/11/18,13:30,0,107.87,104.53,104.93
12/11/18,16:00,0,105.07,103.85,104.01
12/12/18,13:30,0,107.28,104.97,106.86
12/12/18,16:00,0,106.89,105.3,105.61
12/13/18,13:30,0,106.64,104.34,104.48
12/13/18,16:00,0,105.49,104.15,105.07
12/14/18,13:30,0,108,103.81,106.63
12/14/18,16:00,0,107.29,106.37,107.09
12/17/18,13:30,0,108.75,105.49,107.46
12/17/18,16:00,0,107.58,105.89,106.44
12/18/18,13:30,0,108.37,105.86,106.72
12/18/18,16:00,0,106.75,104.94,105.47
12/19/18,13:30,0,106.93,105.2,105.96
12/19/18,16:00,0,106.18,101.43,101.93
12/20/18,13:30,0,101.21,96.6,96.72
12/20/18,16:00,0,97.51,95.06,97.21
12/21/18,13:30,0,98.28,93.66,94.43
12/21/18,16:00,0,95.25,92.45,92.51
12/24/18,13:30,0,92.09,89.48,89.48
12/24/18,16:00,0,90,89.48,90
12/26/18,13:30,0,92.2,89.51,91.61
12/26/18,16:00,0,94.51,91.47,94.46
12/27/18,13:30,0,93.73,91.67,91.85
12/27/18,16:00,0,94.8,90.9,94.77
12/28/18,13:30,0,96.05,94.38,95.17
12/28/18,16:00,0,97.21,94.95,96.03
12/31/18,13:30,0,97.96,96,97.88
12/31/18,16:00,0,97.98,96.82,97.78
1/2/19,13:30,0,98.37,95.95,98.11
1/2/19,16:00,0,98.51,97.05,97.81
1/3/19,13:30,0,97.31,92.6,92.72
1/3/19,16:00,0,93.43,91.88,92.57
1/4/19,13:30,0,99.9,94.5,99.4
1/4/19,16:00,0,99.92,98.3,98.78
1/7/19,13:30,0,102.4,98.81,102.39
1/7/19,16:00,0,102.71,101.26,101.85
1/8/19,13:30,0,104.81,102.53,103.61
1/8/19,16:00,0,103.99,102.84,103.96
1/9/19,13:30,0,105.08,103.05,104.52
1/9/19,16:00,0,104.74,103.73,104.33
1/10/19,13:30,0,105.4,102.21,103.54
1/10/19,16:00,0,105.09,103,104.89
1/11/19,13:30,0,106.12,103.95,105.37
1/11/19,16:00,0,106.45,105.3,106.39
1/14/19,13:30,0,105.97,104.25,105.72
1/14/19,16:00,0,105.78,104.6,104.96
1/15/19,13:30,0,105.79,103.49,105.1
1/15/19,16:00,0,105.79,104.38,105.65
1/16/19,13:30,0,106.74,105.01,105.73
1/16/19,16:00,0,106.1,105.43,105.63
1/17/19,13:30,0,107,104.82,106.53
1/17/19,16:00,0,107.69,106.27,107.04
1/18/19,13:30,0,110.16,107.61,108.8
1/18/19,16:00,0,109.64,108.32,109.35
1/22/19,13:30,0,109.78,107.86,108.31
1/22/19,16:00,0,108.94,107.84,108.62
1/23/19,13:30,0,110.4,106.89,107.73
1/23/19,16:00,0,108.56,107.72,108.34
1/24/19,13:30,0,109.64,108.28,108.82
1/24/19,16:00,0,109.83,108.82,109.72
1/25/19,13:30,0,111.83,110.36,111.37
1/25/19,16:00,0,111.92,111.17,111.75
1/28/19,13:30,0,112.5,110.3,111.85
1/28/19,16:00,0,112.67,111.91,112.24
1/29/19,13:30,0,112.91,111.64,111.97
1/29/19,16:00,0,112.5,111.17,112.02
1/30/19,13:30,0,119.95,116.69,118.8
1/30/19,16:00,0,121.43,118.72,120.99
1/31/19,13:30,0,121.46,119.72,120.3
1/31/19,16:00,0,120.36,119.2,120.04
2/1/19,13:30,0,121,118.69,119.27
2/1/19,16:00,0,119.32,117.84,118.31
2/4/19,13:30,0,119.5,117.88,119.24
2/4/19,16:00,0,119.32,118.67,119.01
2/5/19,13:30,0,120.26,118.14,118.92
2/5/19,16:00,0,119.06,117.7,118.22
2/6/19,13:30,0,118.51,116.88,117.89
2/6/19,16:00,0,118.28,117.8,118.16
2/7/19,13:30,0,117.4,114.4,115.13
2/7/19,16:00,0,115.69,114.81,115.69
2/8/19,13:30,0,115.77,112.81,113.98
2/8/19,16:00,0,114.85,113.56,114.85
2/11/19,13:30,0,117.1,115.64,116.33
2/11/19,16:00,0,116.57,116.04,116.09
2/12/19,13:30,0,116.82,115.34,115.68
2/12/19,16:00,0,116.48,115.67,116.26
2/13/19,13:30,0,118.74,117.42,117.79
2/13/19,16:00,0,118.33,117.63,117.85
2/14/19,13:30,0,117.5,115.99,117.02
2/14/19,16:00,0,117.59,117.01,117.18
2/15/19,13:30,0,118.42,117.24,117.67
2/15/19,16:00,0,118,117.24,117.93
2/19/19,13:30,0,120.73,117.58,119.84
2/19/19,16:00,0,120.08,119.31,119.37
2/20/19,13:30,0,120.75,119.23,120.75
2/20/19,16:00,0,121.29,120.58,120.86
2/21/19,13:30,0,124.25,122.03,122.07
2/21/19,16:00,0,122.13,120.51,120.97
2/22/19,13:30,0,121.44,120.35,120.92
2/22/19,16:00,0,121.23,120.57,120.93
2/25/19,13:30,0,121.79,120.79,121.32
2/25/19,16:00,0,121.48,120.47,120.55
2/26/19,13:30,0,120.79,120.02,120.11
2/26/19,16:00,0,120.3,119.46,119.65
2/27/19,13:30,0,119.92,117.21,118.68
2/27/19,16:00,0,118.95,118.11,118.44
2/28/19,13:30,0,119.25,117.29,119
2/28/19,16:00,0,119.43,118.34,118.49
3/1/19,13:30,0,121.25,118.9,118.9
3/1/19,16:00,0,119.08,118.61,119.03
3/4/19,13:30,0,119.7,116.51,117.26
3/4/19,16:00,0,117.7,117.1,117.68
3/5/19,13:30,0,119.97,118.03,119.59
3/5/19,16:00,0,119.74,119.16,119.4
3/6/19,13:30,0,119.28,117.73,117.78
3/6/19,16:00,0,118.15,117,117.09
3/7/19,13:30,0,117.1,115,115.82
3/7/19,16:00,0,115.95,115.09,115.71
3/8/19,13:30,0,115.94,114.56,115.69
3/8/19,16:00,0,116.67,115.51,116.54
3/11/19,13:30,0,117.25,116.22,117.25
3/11/19,16:00,0,117.3,116.79,116.88
3/12/19,13:30,0,117.34,115.37,116.69
3/12/19,16:00,0,117.14,116.06,116.27
3/13/19,13:30,0,118.85,116.9,117.74
3/13/19,16:00,0,117.94,116.62,117.12
3/14/19,13:30,0,117.28,115.56,115.64
3/14/19,16:00,0,116.48,115.47,116.45
3/15/19,13:30,0,118.45,116.77,117.69
3/15/19,16:00,0,117.83,117.15,117.19
3/18/19,13:30,0,118.73,117.38,118.58
3/18/19,16:00,0,118.63,117.97,118.31
3/19/19,13:30,0,119.45,118.43,118.51
3/19/19,16:00,0,118.64,116.97,117.47
3/20/19,13:30,0,117.1,115.2,115.53
3/20/19,16:00,0,117,115.47,116.02
3/21/19,13:30,0,117.81,115.28,117.35
3/21/19,16:00,0,118.01,117.05,117.78
3/22/19,13:30,0,117.45,115.13,115.52
3/22/19,16:00,0,116.84,115.47,115.58
3/25/19,13:30,0,115.6,113.93,114.56
3/25/19,16:00,0,114.85,113.86,114.48
3/26/19,13:30,0,115.81,111.34,112.35
3/26/19,16:00,0,113.12,111.69,113.1
3/27/19,13:30,0,113.75,110.7,111.21
3/27/19,16:00,0,111.61,110.63,110.98
3/28/19,13:30,0,112.77,110.74,112.13
3/28/19,16:00,0,112.61,111.93,112.45
3/29/19,13:30,0,113.97,112.54,113.9
3/29/19,16:00,0,114.82,113.84,114.62
4/1/19,13:30,0,117.17,115.31,116.28
4/1/19,16:00,0,116.42,115.31,115.63
4/2/19,13:30,0,116.49,115.17,115.96
4/2/19,16:00,0,116.51,115.95,116.25
4/3/19,13:30,0,116.96,115.56,116.88
4/3/19,16:00,0,117.06,116.18,116.61
4/4/19,13:30,0,117.01,116,116.03
4/4/19,16:00,0,116.07,115.63,115.87
4/5/19,13:30,0,117.41,115.84,117.06
4/5/19,16:00,0,117.48,117.02,117.27
4/8/19,13:30,0,118.22,116.92,118.21
4/8/19,16:00,0,118.95,117.95,118.42
4/9/19,13:30,0,118.31,115.71,115.74
4/9/19,16:00,0,115.94,115.01,115.37
4/10/19,13:30,0,116.72,115.58,116.6
4/10/19,16:00,0,116.76,116.15,116.52
4/11/19,13:30,0,118.72,116.86,118.4
4/11/19,16:00,0,119.02,118.34,118.92
4/12/19,13:30,0,121.92,119.57,121.9
4/12/19,16:00,0,122.06,121.6,121.94
4/15/19,13:30,0,122.48,121.54,122.09
4/15/19,16:00,0,122.52,121.93,122.44
4/16/19,13:30,0,124.07,122.86,123.84
4/16/19,16:00,0,124.38,123.49,124.11
4/17/19,13:30,0,124.81,123.39,123.5
4/17/19,16:00,0,123.86,123.07,123.24
4/18/19,13:30,0,123.9,119.51,120.16
4/18/19,16:00,0,121.45,119.93,121
4/22/19,13:30,0,120.46,119.75,120.1
4/22/19,16:00,0,120.78,119.97,120.41
4/23/19,13:30,0,122.33,120.5,122
4/23/19,16:00,0,122.56,121.95,122.47
4/24/19,13:30,0,122.74,120.1,120.82
4/24/19,16:00,0,121.7,120.8,121.5
4/25/19,13:30,0,121.81,120.21,121.6
4/25/19,16:00,0,121.88,120.75,120.76
4/26/19,13:30,0,121.65,120.54,121.25
4/26/19,16:00,0,121.29,120.63,121.15
4/29/19,13:30,0,122.57,120.84,122.42
4/29/19,16:00,0,122.43,121.84,122.23
4/30/19,13:30,0,121.88,119.8,120.42
4/30/19,16:00,0,121.4,120.36,120.95
5/1/19,13:30,0,130.9,125.45,129.92
5/1/19,16:00,0,130.75,129.03,129.05
5/2/19,13:30,0,128.98,126.11,126.24
5/2/19,16:00,0,127.46,125.55,125.76
5/3/19,13:30,0,130.4,126.73,129.93
5/3/19,16:00,0,131.04,129.71,130.93
5/6/19,13:30,0,129.41,127.15,129.36
5/6/19,16:00,0,129.63,128.69,129.15
5/7/19,13:30,0,128.33,126.41,126.5
5/7/19,16:00,0,127.26,125.68,127.26
5/8/19,13:30,0,128.52,126.6,127.99
5/8/19,16:00,0,128.12,127.1,127.34
5/9/19,13:30,0,127.83,125.01,127.21
5/9/19,16:00,0,127.84,126.65,127.33
5/10/19,13:30,0,127.5,123.47,125.38
5/10/19,16:00,0,126.55,125.24,126.06
5/13/19,13:30,0,123.6,119.77,120.07
5/13/19,16:00,0,121.96,120.06,121.87
5/14/19,13:30,0,125.04,122.08,124.96
5/14/19,16:00,0,125,123.54,123.58
5/15/19,13:30,0,124.12,121.55,123.4
5/15/19,16:00,0,124.46,123.35,123.78
5/16/19,13:30,0,126.24,123.72,126.15
5/16/19,16:00,0,126.2,125.41,125.75
5/17/19,13:30,0,126.13,124.16,125.54
5/17/19,16:00,0,125.86,124.73,124.83
5/20/19,13:30,0,123.98,122.41,123.27
5/20/19,16:00,0,123.43,122.61,123.08
5/21/19,13:30,0,124.9,124,124.72
5/21/19,16:00,0,125.18,124.38,124.66
5/22/19,13:30,0,124.73,123.77,124.22
5/22/19,16:00,0,125.35,124.12,124.96
5/23/19,13:30,0,124.44,122.7,123.46
5/23/19,16:00,0,124.41,123.21,124.39
5/24/19,13:30,0,125.97,124.42,125.02
5/24/19,16:00,0,125.11,123.59,123.71
5/28/19,13:30,0,124.92,123.16,123.71
5/28/19,16:00,0,123.94,122.88,123.05
5/29/19,13:30,0,122.8,120.97,121.77
5/29/19,16:00,0,122.19,121.17,121.82
5/30/19,13:30,0,122.82,121.83,122.37
5/30/19,16:00,0,123.1,122.21,122.92
5/31/19,13:30,0,122.08,121,121.86
5/31/19,16:00,0,122.2,121.49,121.8
6/3/19,13:30,0,121.95,120.2,120.94
6/3/19,16:00,0,121.5,120.09,120.67
6/4/19,13:30,0,121.89,117.17,119.06
6/4/19,16:00,0,121.57,118.99,121.52
6/5/19,13:30,0,122.45,116.39,118.1
6/5/19,16:00,0,118.61,117.61,118.47
6/6/19,13:30,0,118.79,116.79,117.69
6/6/19,16:00,0,118.85,117.62,118.62
6/7/19,13:30,0,123,118.86,121.99
6/7/19,16:00,0,122.12,120.84,120.96
6/10/19,13:30,0,124.33,121.79,123.47
6/10/19,16:00,0,123.87,123.14,123.44
6/11/19,13:30,0,125.58,122.44,122.9
6/11/19,16:00,0,123.5,122.76,122.86
6/12/19,13:30,0,123.61,122.29,123.06
6/12/19,16:00,0,124.68,122.99,124.24
6/13/19,13:30,0,124.15,122.13,123.12
6/13/19,16:00,0,123.23,122.2,122.48
6/14/19,13:30,0,123.43,122.28,123.29
6/14/19,16:00,0,124.25,123.06,124.11
6/17/19,13:30,0,124.38,122.76,122.9
6/17/19,16:00,0,123.3,122.02,122.18
6/18/19,13:30,0,124.45,121.94,122.71
6/18/19,16:00,0,123.13,122.25,122.61
6/19/19,13:30,0,123.62,121.72,122
6/19/19,16:00,0,123.05,121.9,122.68
6/20/19,13:30,0,121.42,118.1,118.48
6/20/19,16:00,0,119.62,118.09,118.75
6/21/19,13:30,0,118.74,115.6,115.92
6/21/19,16:00,0,116.17,114.76,114.85
6/24/19,13:30,0,117.04,114.39,116.83
6/24/19,16:00,0,117.52,116.76,117.13
6/25/19,13:30,0,117.41,114.45,115.86
6/25/19,16:00,0,116.24,115.59,116.04
6/26/19,13:30,0,117.19,115.53,116.86
6/26/19,16:00,0,117,116.5,116.57
6/27/19,13:30,0,119.52,116.58,119.24
6/27/19,16:00,0,119.51,118.84,119.16
6/28/19,13:30,0,121.27,119.32,121.24
6/28/19,16:00,0,121.34,120.68,121.14
7/1/19,13:30,0,122.9,118.42,118.85
7/1/19,16:00,0,118.91,117.74,118.08
7/2/19,13:30,0,118.92,117.29,118.09
7/2/19,16:00,0,119.09,118.05,119.04
7/3/19,13:30,0,118.69,115.81,116.54
7/3/19,16:00,0,117,116.54,117
7/5/19,13:30,0,116.72,115.42,115.52
7/5/19,16:00,0,115.63,115.1,115.39
7/8/19,13:30,0,115.32,112.28,112.48
7/8/19,16:00,0,112.52,111.53,111.89
7/9/19,13:30,0,112.29,109.94,111.02
7/9/19,16:00,0,111.21,110.59,111.2
7/10/19,13:30,0,112.27,110.69,111.23
7/10/19,16:00,0,111.26,110.13,110.39
7/11/19,13:30,0,110.77,109.56,109.85
7/11/19,16:00,0,110.76,109.8,110.43
7/12/19,13:30,0,110.91,109.24,109.74
7/12/19,16:00,0,110.16,109.56,110.14
7/15/19,13:30,0,113.29,110.45,113.16
7/15/19,16:00,0,113.22,112.38,112.84
7/16/19,13:30,0,115.06,112.52,114.9
7/16/19,16:00,0,115.06,114.54,114.56
7/17/19,13:30,0,114.82,111.08,111.79
7/17/19,16:00,0,112,111.41,111.76
7/18/19,13:30,0,111.91,110.24,110.84
7/18/19,16:00,0,111.32,110.44,111
7/19/19,13:30,0,112.83,111.26,111.68
7/19/19,16:00,0,111.71,110.09,110.17
7/22/19,13:30,0,111.52,110.1,111.47
7/22/19,16:00,0,111.91,111.26,111.66
7/23/19,13:30,0,113.47,112.37,112.91
7/23/19,16:00,0,114.06,112.69,113.75
7/24/19,13:30,0,115.08,113.19,114.98
7/24/19,16:00,0,115.6,114,115.42
7/25/19,13:30,0,115.95,111.65,113.3
7/25/19,16:00,0,113.4,112.1,113.04
7/26/19,13:30,0,114.98,113.36,114.95
7/26/19,16:00,0,115.34,113.93,113.93
7/29/19,13:30,0,115.44,113.75,115.2
7/29/19,16:00,0,116,115.19,115.59
7/30/19,13:30,0,115.94,114.7,114.77
7/30/19,16:00,0,115.96,114.81,115.96
7/31/19,13:30,0,117.02,115.08,116.53
7/31/19,16:00,0,116.68,114.81,116.33
8/1/19,13:30,0,117.97,115.99,116.71
8/1/19,16:00,0,117.15,113.86,114.05
8/2/19,13:30,0,113.5,110.26,110.4
8/2/19,16:00,0,110.96,109.82,110.71
8/5/19,13:30,0,109.5,107.51,108.06
8/5/19,16:00,0,108.26,106.75,107.66
8/6/19,13:30,0,109.12,106.67,106.87
8/6/19,16:00,0,107.29,106.48,107.06
8/7/19,13:30,0,108.3,105.76,107.14
8/7/19,16:00,0,107.76,106.84,107.37
8/8/19,13:30,0,110.32,107.48,109.9
8/8/19,16:00,0,110.46,109.39,109.73
8/9/19,13:30,0,110.11,108.34,109.46
8/9/19,16:00,0,109.94,109.23,109.23
8/12/19,13:30,0,108.95,107.02,107.81
8/12/19,16:00,0,107.82,106.69,107.28
8/13/19,13:30,0,108.92,104.3,108.7
8/13/19,16:00,0,109.24,108.59,109.06
8/14/19,13:30,0,107.43,102.87,103.65
8/14/19,16:00,0,104.58,103.34,104.19
8/15/19,13:30,0,105.32,103.55,104.3
8/15/19,16:00,0,104.37,103.65,103.87
8/16/19,13:30,0,105.74,103.91,105.74
8/16/19,16:00,0,105.78,105.07,105.19
8/19/19,13:30,0,108.29,106.54,108.14
8/19/19,16:00,0,108.42,107.74,107.78
8/20/19,13:30,0,108.43,107,107.6
8/20/19,16:00,0,108.01,107.28,107.64
8/21/19,13:30,0,108.69,107.12,108.15
8/21/19,16:00,0,108.3,107.53,107.67
8/22/19,13:30,0,108.11,106.14,107.36
8/22/19,16:00,0,107.61,106.87,107.03
8/23/19,13:30,0,107.04,103.12,103.23
8/23/19,16:00,0,103.67,102.14,102.55
8/26/19,13:30,0,103.7,102.5,103.07
8/26/19,16:00,0,103.15,102.09,102.52
8/27/19,13:30,0,103.56,101.69,102.1
8/27/19,16:00,0,102.47,101.63,101.77
8/28/19,13:30,0,103.29,100.69,103.21
8/28/19,16:00,0,103.37,102.96,103.18
8/29/19,13:30,0,104.94,103.71,104.22
8/29/19,16:00,0,104.26,103.18,103.41
8/30/19,13:30,0,105.5,103.95,104.75
8/30/19,16:00,0,104.97,104.05,104.2
9/3/19,13:30,0,103,100.64,101.41
9/3/19,16:00,0,102.93,101.05,102.83
9/4/19,13:30,0,105.69,103.61,104.44
9/4/19,16:00,0,104.88,104.19,104.76
9/5/19,13:30,0,107.28,105.38,106.89
9/5/19,16:00,0,107.42,106.69,106.94
9/6/19,13:30,0,108.71,106.96,108.34
9/6/19,16:00,0,108.88,108.14,108.41
9/9/19,13:30,0,110.6,108.49,110.27
9/9/19,16:00,0,110.7,109.69,110.62
9/10/19,13:30,0,113.43,110.55,113.23
9/10/19,16:00,0,113.92,113.19,113.78
9/11/19,13:30,0,115.15,112.36,114.86
9/11/19,16:00,0,115.14,113.61,113.86
9/12/19,13:30,0,114.75,111.85,113.68
9/12/19,16:00,0,113.94,113.16,113.27
9/13/19,13:30,0,115.32,113.46,115.24
9/13/19,16:00,0,115.63,114.65,114.86
9/16/19,13:30,0,113.75,111.55,113.17
9/16/19,16:00,0,114.19,113.11,113.89
9/17/19,13:30,0,114.79,113.09,113.95
9/17/19,16:00,0,114.45,113.89,114.09
9/18/19,13:30,0,114.18,112.45,112.52
9/18/19,16:00,0,113.24,110.98,112.98
9/19/19,13:30,0,114.17,112.33,113.4
9/19/19,16:00,0,113.36,112.44,112.49
9/20/19,13:30,0,113.28,110.86,111.39
9/20/19,16:00,0,112.32,111.16,111.68
9/23/19,13:30,0,110.96,108.76,109.62
9/23/19,16:00,0,110.03,109.34,109.54
9/24/19,13:30,0,111.63,108.62,108.66
9/24/19,16:00,0,109.26,108.02,108.69
9/25/19,13:30,0,109.47,107.62,108.99
9/25/19,16:00,0,109.8,108.85,109.66
9/26/19,13:30,0,107.95,105.15,106.78
9/26/19,16:00,0,107.42,106.7,106.91
9/27/19,13:30,0,108.11,105.83,106.5
9/27/19,16:00,0,107.07,106.05,107.02
9/30/19,13:30,0,108.93,107.62,108.8
9/30/19,16:00,0,109.27,108.26,108.32
10/1/19,13:30,0,109.34,104.71,104.76
10/1/19,16:00,0,105.42,104.19,104.66
10/2/19,13:30,0,104,102.18,102.84
10/2/19,16:00,0,103.67,102.49,103.01
10/3/19,13:30,0,104.07,101.68,103.75
10/3/19,16:00,0,104.48,103.79,104.19
10/4/19,13:30,0,105.29,102.76,103.4
10/4/19,16:00,0,103.56,102.97,103.31
10/7/19,13:30,0,103.6,101.69,103.08
10/7/19,16:00,0,103.75,102.5,102.6
10/8/19,13:30,0,102.45,100.47,102.31
10/8/19,16:00,0,102.8,100.99,101
10/9/19,13:30,0,102.28,101.28,101.74
10/9/19,16:00,0,102.36,101.57,101.88
10/10/19,13:30,0,103.59,101.82,103.05
10/10/19,16:00,0,103.8,102.6,103.62
10/11/19,13:30,0,108.22,105,107.88
10/11/19,16:00,0,108.48,107.52,107.55
10/14/19,13:30,0,108.59,106.89,108.14
10/14/19,16:00,0,108.16,107.55,107.96
10/15/19,13:30,0,110.56,107.92,110.37
10/15/19,16:00,0,110.44,108.97,109.46
10/16/19,13:30,0,109.86,107.43,107.47
10/16/19,16:00,0,108.36,107.14,108.31
10/17/19,13:30,0,109.64,108.24,109.12
10/17/19,16:00,0,109.35,108.96,109.14
10/18/19,13:30,0,111.07,109.22,110.91
10/18/19,16:00,0,111.65,110.9,111.15
10/21/19,13:30,0,112.95,111.7,111.9
10/21/19,16:00,0,112.33,100.11,112.06
10/22/19,13:30,0,112.03,108.87,109.03
10/22/19,16:00,0,110.16,108.26,108.42
10/23/19,13:30,0,109.65,107.58,109.58
10/23/19,16:00,0,109.91,109.33,109.69
10/24/19,13:30,0,110.62,108.54,108.86
10/24/19,16:00,0,109.35,108.78,109.1
10/25/19,13:30,0,111.35,108.89,111.29
10/25/19,16:00,0,111.52,111.08,111.34
10/28/19,13:30,0,112.99,111.44,112.11
10/28/19,16:00,0,112.56,112.13,112.19
10/29/19,13:30,0,113.77,112.25,113.16
10/29/19,16:00,0,113.9,113.09,113.4
10/30/19,13:30,0,115.75,108.59,110.15
10/30/19,16:00,0,110.59,108.51,109.47
10/31/19,13:30,0,109.56,107.16,107.95
10/31/19,16:00,0,108.92,107.92,108.83
11/1/19,13:30,0,111.56,109.34,111.51
11/1/19,16:00,0,111.7,110.98,111.17
11/4/19,13:30,0,112.54,111.08,112.32
11/4/19,16:00,0,113.47,112.27,113.28
11/5/19,13:30,0,114.53,112.47,114.1
11/5/19,16:00,0,114.47,113.51,113.53
11/6/19,13:30,0,113.68,111.36,111.97
11/6/19,16:00,0,112.98,111.77,112.78
11/7/19,13:30,0,115.82,112.88,114.77
11/7/19,16:00,0,115.36,114.5,115
11/8/19,13:30,0,114.9,112.92,114.05
11/8/19,16:00,0,114.56,113.92,114.53
11/11/19,13:30,0,114.22,112.84,113.34
11/11/19,16:00,0,113.97,113.26,113.94
11/12/19,13:30,0,114.93,113.48,113.66
11/12/19,16:00,0,114.24,113.25,113.86
11/13/19,13:30,0,114.11,112.83,114.1
11/13/19,16:00,0,115.06,113.68,114.8
11/14/19,13:30,0,115.67,114.32,114.78
11/14/19,16:00,0,115.42,114.57,115.27
11/15/19,13:30,0,117.86,116,117.8
11/15/19,16:00,0,118.22,117.5,117.92
11/18/19,13:30,0,118.28,117.02,117.76
11/18/19,16:00,0,118.55,117.56,118.4
11/19/19,13:30,0,120.1,118.8,119.49
11/19/19,16:00,0,119.58,118.78,118.86
11/20/19,13:30,0,119.06,116.65,116.99
11/20/19,16:00,0,117.62,116.37,117.01
11/21/19,13:30,0,118.51,115.52,118.37
11/21/19,16:00,0,118.85,118,118.69
11/22/19,13:30,0,120.05,118.35,118.97
11/22/19,16:00,0,119.15,118.77,119.13
11/25/19,13:30,0,120.13,119.21,119.85
11/25/19,16:00,0,120.02,119.38,119.42
11/26/19,13:30,0,120.41,118.57,119.94
11/26/19,16:00,0,120.13,119.59,119.77
11/27/19,13:30,0,120.88,119.58,120.83
11/27/19,16:00,0,121.31,120.73,121.31
11/29/19,13:30,0,120.86,119.75,120.08
12/2/19,13:30,0,120.42,118.44,119.02
12/2/19,16:00,0,119.6,118.78,119.16
12/3/19,13:30,0,118.54,116.89,118.35
12/3/19,16:00,0,118.86,118.03,118.86
12/4/19,13:30,0,120.04,118.74,119.6
12/4/19,16:00,0,120.17,119.54,120.1
12/5/19,13:30,0,121.22,120.06,120.88
12/5/19,16:00,0,121.16,120.62,121.02
12/6/19,13:30,0,122.49,120.86,121.16
12/6/19,16:00,0,122.11,121.13,122.05
12/9/19,13:30,0,121.91,120.01,121.86
12/9/19,16:00,0,122.12,121.68,121.81
12/10/19,13:30,0,121.84,120.3,121.72
12/10/19,16:00,0,121.87,121.33,121.58
12/11/19,13:30,0,123.34,121.85,123.15
12/11/19,16:00,0,123.56,123.1,123.3
12/12/19,13:30,0,124.33,122.12,124.08
12/12/19,16:00,0,125.42,123.93,124.99
12/13/19,13:30,0,126.84,124.6,125.92
12/13/19,16:00,0,126.1,125.17,125.64
12/16/19,13:30,0,127.05,126,126.92
12/16/19,16:00,0,127.14,126.1,126.19
12/17/19,13:30,0,127.14,125.28,126.97
12/17/19,16:00,0,127.31,126.93,127.05
12/18/19,13:30,0,127.64,126.25,127.23
12/18/19,16:00,0,127.73,127.24,127.59
12/19/19,13:30,0,127.41,126.17,127.13
12/19/19,16:00,0,127.23,126.63,126.84
12/20/19,13:30,0,132.49,128.21,131.97
12/20/19,16:00,0,132.07,130.96,131.1
12/23/19,13:30,0,134,130.81,133.91
12/23/19,16:00,0,133.97,132.94,133.4
12/24/19,13:30,0,133.65,132.6,132.97
12/26/19,13:30,0,133.86,132.26,133.73
12/26/19,16:00,0,134.27,133.71,134.19
12/27/19,13:30,0,134.6,133.65,133.75
12/27/19,16:00,0,133.98,133.27,133.33
12/30/19,13:30,0,133.72,132.72,133.28
12/30/19,16:00,0,133.45,133.15,133.35
12/31/19,13:30,0,133.96,132.84,133.49
12/31/19,16:00,0,133.93,133.42,133.5
1/2/20,13:30,0,134.8,133.47,133.71
1/2/20,16:00,0,134.66,133.52,134.64
1/3/20,13:30,0,133.52,131.81,133.45
1/3/20,16:00,0,133.62,133.01,133.45
1/6/20,13:30,0,131.81,130.39,131.71
1/6/20,16:00,0,131.87,131.24,131.65
1/7/20,13:30,0,132.1,130.53,130.9
1/7/20,16:00,0,131.06,130.44,130.45
1/8/20,13:30,0,132.71,130.02,132.48
1/8/20,16:00,0,132.71,131.92,132.23
1/9/20,13:30,0,135.06,132.94,134.18
1/9/20,16:00,0,134.28,133.68,133.95
1/10/20,13:30,0,134.49,133.06,133.26
1/10/20,16:00,0,133.67,132.69,133.18
1/13/20,13:30,0,133.69,132.51,132.97
1/13/20,16:00,0,133.23,132.79,133.1
1/14/20,13:30,0,133.6,132.55,133.49
1/14/20,16:00,0,133.62,132.63,132.95
1/15/20,13:30,0,133.87,132.19,132.32
1/15/20,16:00,0,132.79,132.02,132.62
1/16/20,13:30,0,134.14,132.89,133.8
1/16/20,16:00,0,134.11,133.73,134.04
1/17/20,13:30,0,135.32,133.25,134.51
1/17/20,16:00,0,135.08,134.48,135.01
1/21/20,13:30,0,133.35,128.86,129.54
1/21/20,16:00,0,129.73,128.22,129.67
1/22/20,13:30,0,131.43,129.82,130.69
1/22/20,16:00,0,130.74,128.79,129.09
1/23/20,13:30,0,128.66,123.47,128.43
1/23/20,16:00,0,129.77,128.41,129.57
1/24/20,13:30,0,129.04,124,125.7
1/24/20,16:00,0,127.06,124.92,126.48
1/27/20,13:30,0,119.32,115.82,118.98
1/27/20,16:00,0,119.48,116.72,116.91
1/28/20,13:30,0,121.61,117.3,120.41
1/28/20,16:00,0,121.39,120.37,120.43
1/29/20,13:30,0,123.82,120.74,121.92
1/29/20,16:00,0,122.83,121.49,121.62
1/30/20,13:30,0,118.92,115.49,117
1/30/20,16:00,0,120.11,116.94,119.74
1/31/20,13:30,0,120.6,117.18,117.52
1/31/20,16:00,0,117.81,116.68,117.04
2/3/20,13:30,0,119.37,114.26,115.55
2/3/20,16:00,0,116.74,115.5,116.45
2/4/20,13:30,0,122.1,117.47,118.23
2/4/20,16:00,0,118.34,116.71,118
2/5/20,13:30,0,120.82,117.61,118
2/5/20,16:00,0,118.92,117.77,118.27
2/6/20,13:30,0,120.3,118.08,118.23
2/6/20,16:00,0,118.23,116.6,116.66
2/7/20,13:30,0,114.31,110.52,113.29
2/7/20,16:00,0,113.36,111.46,111.55
2/10/20,13:30,0,111.18,109.52,109.99
2/10/20,16:00,0,110.2,109.57,109.66
2/11/20,13:30,0,113.98,110.25,113.36
2/11/20,16:00,0,113.4,112.42,113.06
2/12/20,13:30,0,118.03,114.46,116.86
2/12/20,16:00,0,117.48,116.4,117.23
2/13/20,13:30,0,115.98,113.7,115.01
2/13/20,16:00,0,115.04,113.43,113.6
2/14/20,13:30,0,113.62,112.44,112.84
2/14/20,16:00,0,113.29,112.66,113.2
2/18/20,13:30,0,112.76,110.71,111.23
2/18/20,16:00,0,111.41,110.93,111.4
2/19/20,13:30,0,112.27,110.67,111.48
2/19/20,16:00,0,111.87,110.71,110.98
2/20/20,13:30,0,110.99,109.42,110.69
2/20/20,16:00,0,110.72,109.53,109.79
2/21/20,13:30,0,109.06,105.67,105.68
2/21/20,16:00,0,106.21,105.15,106.06
2/24/20,13:30,0,101,97.09,98.04
2/24/20,16:00,0,98.6,96.39,96.58
2/25/20,13:30,0,98.36,91.37,91.45
2/25/20,16:00,0,91.62,89.29,89.53
2/26/20,13:30,0,90.98,83.09,83.46
2/26/20,16:00,0,83.91,81.82,82.35
2/27/20,13:30,0,80.57,70.5,78.57
2/27/20,16:00,0,78.81,76.08,77.01
2/28/20,13:30,0,81.36,73.48,80.08
2/28/20,16:00,0,80.54,78.12,80.44
3/2/20,13:30,0,81.51,76.78,78.65
3/2/20,16:00,0,80.56,77.7,80.48
3/3/20,13:30,0,81.94,77.7,78.21
3/3/20,16:00,0,78.77,76.78,78.25
3/4/20,13:30,0,80.15,75.32,77.26
3/4/20,16:00,0,79.18,75.96,79.14
3/5/20,13:30,0,75.31,64.18,65.9
3/5/20,16:00,0,67.53,65.29,65.71
3/6/20,13:30,0,70.33,60.36,63.69
3/6/20,16:00,0,65.69,62.57,65.01
3/9/20,13:30,0,56.3,47.38,49.26
3/9/20,16:00,0,49.62,48.1,48.26
3/10/20,13:30,0,52.7,40.2,50.52
3/10/20,16:00,0,52.28,48.33,51.67
3/11/20,13:30,0,51,42.3,42.62
3/11/20,16:00,0,45.15,41.2,44.36
3/12/20,13:30,0,39.56,32.3,34.13
3/12/20,16:00,0,34.59,29.01,30.26
3/13/20,13:30,0,37.34,28.61,32.32
3/13/20,16:00,0,34.2,31.9,32.33
3/16/20,13:30,0,35.48,29.28,31.58
3/16/20,16:00,0,32.81,29.94,29.95
3/17/20,13:30,0,31.44,26.83,26.89
3/17/20,16:00,0,28.25,26.83,27.65
3/18/20,13:30,0,26.3,19.25,19.98
3/18/20,16:00,0,23.5,19.61,22.34
3/19/20,13:30,0,24.15,20.55,21.75
3/19/20,16:00,0,23.09,21.57,22.46
3/20/20,13:30,0,28.1,22,24.13
3/20/20,16:00,0,24.74,22.78,23.8
3/23/20,13:30,0,27.46,22.77,26.3
3/23/20,16:00,0,29.32,26.05,28.15
3/24/20,13:30,0,39.59,32.52,33.67
3/24/20,16:00,0,34.91,32.14,34.48
3/25/20,13:30,0,43.3,34.71,42.06
3/25/20,16:00,0,45.45,41.33,42.41
3/26/20,13:30,0,49.87,39.38,44.11
3/26/20,16:00,0,45,37.85,40.61
3/27/20,13:30,0,37.53,32.8,33.41
3/27/20,16:00,0,36.48,33.39,34.5
3/30/20,13:30,0,32.63,28.52,29.77
3/30/20,16:00,0,29.8,28.1,29.77
3/31/20,13:30,0,35.65,28.3,31.49
3/31/20,16:00,0,32.62,30.71,32.17
4/1/20,13:30,0,30.86,27.42,27.84
4/1/20,16:00,0,28.45,25.6,25.77
4/2/20,13:30,0,27.95,25.13,25.41
4/2/20,16:00,0,25.62,23.95,24.82
4/3/20,13:30,0,26.21,22.74,22.94
4/3/20,16:00,0,24.69,22.25,24.39
4/6/20,13:30,0,30.21,25.85,28.88
4/6/20,16:00,0,29.83,28.68,29.61
4/7/20,13:30,0,39.75,34.08,35.69
4/7/20,16:00,0,35.88,31.65,33.55
4/8/20,13:30,0,37.8,33.65,37.32
4/8/20,16:00,0,37.7,36.1,37.54
4/9/20,13:30,0,45.12,40.48,42.99
4/9/20,16:00,0,43.29,36.76,40.22
4/13/20,13:30,0,36.7,34.03,34.34
4/13/20,16:00,0,34.74,33.25,33.37
4/14/20,13:30,0,39,35.36,37.1
4/14/20,16:00,0,37.95,36.42,37.84
4/15/20,13:30,0,37.85,34.4,36.84
4/15/20,16:00,0,37.62,36.56,37
4/16/20,13:30,0,37.07,33.63,33.8
4/16/20,16:00,0,34.3,33.01,34.01
4/17/20,13:30,0,37.61,35,37.23
4/17/20,16:00,0,37.4,36.42,37.38
4/20/20,13:30,0,37.21,34.91,36.19
4/20/20,16:00,0,36.19,35.4,35.99
4/21/20,13:30,0,35.77,33.5,34.06
4/21/20,16:00,0,34.57,33.72,34.44
4/22/20,13:30,0,35.74,33.85,34.32
4/22/20,16:00,0,34.5,33.62,34.05
4/23/20,13:30,0,36.98,34.13,36.64
4/23/20,16:00,0,37.2,36.16,36.94
4/24/20,13:30,0,37.48,35,35.76
4/24/20,16:00,0,37.07,35.6,35.68
4/27/20,13:30,0,38.79,35.86,38.29
4/27/20,16:00,0,39.58,38.22,39.46
4/28/20,13:30,0,43.01,39.57,41.44
4/28/20,16:00,0,42.32,41.17,41.59
4/29/20,13:30,0,48.42,44.42,47.68
4/29/20,16:00,0,48.58,46.52,48.06
4/30/20,13:30,0,48.56,44.38,46.04
4/30/20,16:00,0,47.12,45.47,46.74
5/1/20,13:30,0,44.74,41.13,41.9
5/1/20,16:00,0,42.14,40.6,40.77
5/4/20,13:30,0,41.75,37.02,40.53
5/4/20,16:00,0,41.48,39.72,41.32
5/5/20,13:30,0,42.27,37.9,38.24
5/5/20,16:00,0,38.49,37.02,37.2
5/6/20,13:30,0,38.5,36,36.15
5/6/20,16:00,0,36.97,36,36.11
5/7/20,13:30,0,38.49,36.45,37.77
5/7/20,16:00,0,38.97,37.64,38.08
5/8/20,13:30,0,41.39,38.7,39.18
5/8/20,16:00,0,40.07,38.55,39.87
5/11/20,13:30,0,39.48,37.78,38.68
5/11/20,16:00,0,38.74,38.01,38.05
5/12/20,13:30,0,39.22,37.17,37.18
5/12/20,16:00,0,37.43,36.32,36.38
5/13/20,13:30,0,37.01,33.41,34.77
5/13/20,16:00,0,34.83,33.4,34.55
5/14/20,13:30,0,35.87,31.41,34.91
5/14/20,16:00,0,35.16,34,35.12
5/15/20,13:30,0,37.55,34.37,37.4
5/15/20,16:00,0,38.27,37.05,37.43
5/18/20,13:30,0,44.86,41.25,44.69
5/18/20,16:00,0,44.98,42.83,43.68
5/19/20,13:30,0,44.31,40.92,43.42
5/19/20,16:00,0,43.86,41.95,42.15
5/20/20,13:30,0,43.62,39.71,40.88
5/20/20,16:00,0,41.68,40.56,40.68
5/21/20,13:30,0,45.07,40.35,43.94
5/21/20,16:00,0,44.04,43.18,43.38
5/22/20,13:30,0,45.4,42.02,42.95
5/22/20,16:00,0,43.44,42.71,43.14
5/26/20,13:30,0,49.47,46.67,49.1
5/26/20,16:00,0,50.36,48.85,49.56
5/27/20,13:30,0,55.32,49.3,52.39
5/27/20,16:00,0,54.37,52.28,54.28
5/28/20,13:30,0,54.7,51.81,53.67
5/28/20,16:00,0,53.91,51.33,51.74
5/29/20,13:30,0,52.14,49.1,50.96
5/29/20,16:00,0,52.82,50.59,51.87
6/1/20,13:30,0,55.6,51.56,55.51
6/1/20,16:00,0,56.07,54.62,55.65
6/2/20,13:30,0,58.44,55.39,56.59
6/2/20,16:00,0,56.72,55.44,55.99
6/3/20,13:30,0,58.28,54.6,57.78
6/3/20,16:00,0,58.8,57.55,58.1
6/4/20,13:30,0,60.32,55.58,58
6/4/20,16:00,0,58.98,57.27,57.69
6/5/20,13:30,0,72.17,64.6,71.78
6/5/20,16:00,0,74.59,66.78,69.57
6/8/20,13:30,0,75.46,70.1,73.15
6/8/20,16:00,0,75.55,72.04,75.12
6/9/20,13:30,0,71.72,66.63,69.86
6/9/20,16:00,0,70.42,69,69.91
6/10/20,13:30,0,67.84,60.8,65.14
6/10/20,16:00,0,67.55,63.47,63.59
6/11/20,13:30,0,60,54.3,57
6/11/20,16:00,0,57.25,54.07,54.55
6/12/20,13:30,0,62.7,57,59.52
6/12/20,16:00,0,61.28,57.9,61.18
6/15/20,13:30,0,61.78,55.32,60.88
6/15/20,16:00,0,61.7,59.6,60.88
6/16/20,13:30,0,66.89,60.54,62.55
6/16/20,16:00,0,62.96,61.6,62.5
6/17/20,13:30,0,60.24,56.76,58.54
6/17/20,16:00,0,59.3,57.73,58.05
6/18/20,13:30,0,61.69,56.21,59.52
6/18/20,16:00,0,59.62,58.59,59.32
6/19/20,13:30,0,61.12,56.7,56.85
6/19/20,16:00,0,57.28,54.72,55.36
6/22/20,13:30,0,54.14,50.35,51.94
6/22/20,16:00,0,51.99,51.02,51.86
6/23/20,13:30,0,53.39,51.35,52.18
6/23/20,16:00,0,54.6,52.12,54.4
6/24/20,13:30,0,52.46,46.52,48.56
6/24/20,16:00,0,48.86,47.73,48.24
6/25/20,13:30,0,48.84,45.25,48.13
6/25/20,16:00,0,49.19,47.62,48.57
6/26/20,13:30,0,48.91,46.23,46.36
6/26/20,16:00,0,46.54,45.43,46.39
6/29/20,13:30,0,50.23,45.06,50.14
6/29/20,16:00,0,50.49,48.98,50.3
6/30/20,13:30,0,50.17,47.78,49.52
6/30/20,16:00,0,50.77,49.45,50.25
7/1/20,13:30,0,55.62,50.6,50.82
7/1/20,16:00,0,51.49,50.45,50.84
7/2/20,13:30,0,53.62,50.1,50.34
7/2/20,16:00,0,50.36,49.36,49.53
7/6/20,13:30,0,51.49,47.89,49.46
7/6/20,16:00,0,50.42,49.25,50
7/7/20,13:30,0,49.75,47.93,48.58
7/7/20,16:00,0,48.81,47.42,47.59
7/8/20,13:30,0,48.86,46.51,47.95
7/8/20,16:00,0,50.43,47.94,50.08
7/9/20,13:30,0,51.1,46.55,47.79
7/9/20,16:00,0,48.13,46.98,47.13
7/10/20,13:30,0,50.98,46.13,50.26
7/10/20,16:00,0,51.95,50.12,51.76
7/13/20,13:30,0,52.9,49.36,51.78
7/13/20,16:00,0,52.3,49.4,49.56
7/14/20,13:30,0,48.71,47.14,47.68
7/14/20,16:00,0,48.26,47.48,48.15
7/15/20,13:30,0,57.12,51.35,56.64
7/15/20,16:00,0,58.68,56.46,58.29
7/16/20,13:30,0,56.15,53.75,55.06
7/16/20,16:00,0,55.06,53.83,53.94
7/17/20,13:30,0,54.37,51.53,52.99
7/17/20,16:00,0,53.42,52.53,53.16
7/20/20,13:30,0,54.78,51.97,53.02
7/20/20,16:00,0,53.24,52.34,52.34
7/21/20,13:30,0,53.96,51.96,53.26
7/21/20,16:00,0,53.59,52.6,52.79
7/22/20,13:30,0,52.66,51.5,52.01
7/22/20,16:00,0,52.05,51.38,51.46
7/23/20,13:30,0,51.43,49.4,50.82
7/23/20,16:00,0,50.82,49.5,50.48
7/24/20,13:30,0,52.42,49.6,50.57
7/24/20,16:00,0,50.97,50.35,50.85
7/27/20,13:30,0,50.59,48.22,49.19
7/27/20,16:00,0,49.44,48.84,49.3
7/28/20,13:30,0,51.82,49.25,51.22
7/28/20,16:00,0,51.99,50.8,50.84
7/29/20,13:30,0,51.44,49.62,50.2
7/29/20,16:00,0,51.28,50.05,51.08
7/30/20,13:30,0,50.58,49.1,50.2
7/30/20,16:00,0,50.69,50.12,50.36
7/31/20,13:30,0,50.3,47.88,48.9
7/31/20,16:00,0,49.1,48.33,48.71
8/3/20,13:30,0,47.63,45.71,47.34
8/3/20,16:00,0,47.95,47.32,47.37
8/4/20,13:30,0,50.09,47.15,49.32
8/4/20,16:00,0,49.7,48.95,49.13
8/5/20,13:30,0,50.85,48.38,48.8
8/5/20,16:00,0,49.82,48.54,49.54
8/6/20,13:30,0,51.51,48.55,50.56
8/6/20,16:00,0,51.58,50.17,51.1
8/7/20,13:30,0,52.07,49.46,51.27
8/7/20,16:00,0,52.33,51.18,52.11
8/10/20,13:30,0,58.26,51.04,56.43
8/10/20,16:00,0,57.55,56.35,57.31
8/11/20,13:30,0,62.19,58.45,60.73
8/11/20,16:00,0,61.38,58.29,58.7
8/12/20,13:30,0,60.77,55.03,55.62
8/12/20,16:00,0,57.34,55.63,57.14
8/13/20,13:30,0,59.65,56.39,58.38
8/13/20,16:00,0,58.74,58.02,58.5
8/14/20,13:30,0,60.48,57.6,59.97
8/14/20,16:00,0,60.75,59.89,60.51
8/17/20,13:30,0,60.55,58.56,60.15
8/17/20,16:00,0,60.41,59.57,60.41
8/18/20,13:30,0,60.58,58.71,59.58
8/18/20,16:00,0,60.41,59.56,60.41
8/19/20,13:30,0,64.15,60.04,62.11
8/19/20,16:00,0,62.24,61.05,61.09
8/20/20,13:30,0,61.76,59.27,61.39
8/20/20,16:00,0,61.74,61.04,61.52
8/21/20,13:30,0,63.03,61.29,61.99
8/21/20,16:00,0,62.06,61.46,61.53
8/24/20,13:30,0,65.2,61.2,64.27
8/24/20,16:00,0,64.62,63.65,64.44
8/25/20,13:30,0,65.09,62.7,63.69
8/25/20,16:00,0,64.22,63.36,64.11
8/26/20,13:30,0,64.08,62.2,62.91
8/26/20,16:00,0,63.3,62.72,62.84
8/27/20,13:30,0,67.57,63.97,66.33
8/27/20,16:00,0,67.12,66.12,66.65
8/28/20,13:30,0,71.25,66.64,69.04
8/28/20,16:00,0,70.49,68.98,70.14
8/31/20,13:30,0,71.55,68.2,70.05
8/31/20,16:00,0,70.43,68.93,68.93
9/1/20,13:30,0,69.17,65.67,68.29
9/1/20,16:00,0,68.75,67.76,68.52
9/2/20,13:30,0,69.24,66.73,67.66
9/2/20,16:00,0,68.65,67.25,68.32
9/3/20,13:30,0,74.44,68.93,71.58
9/3/20,16:00,0,71.57,69.38,70.2
9/4/20,13:30,0,73.12,68.58,70.62
9/4/20,16:00,0,72.45,70.3,71.92
9/8/20,13:30,0,73.5,69.55,72.48
9/8/20,16:00,0,72.99,71.36,71.51
9/9/20,13:30,0,70.66,67.61,70.06
9/9/20,16:00,0,70.8,69.61,70.06
9/10/20,13:30,0,74.07,70.52,71.82
9/10/20,16:00,0,72.19,70.09,70.14
9/11/20,13:30,0,70.58,68.39,68.45
9/11/20,16:00,0,69.38,68.15,69.33
9/14/20,13:30,0,70.86,69.36,70.12
9/14/20,16:00,0,71.18,69.8,70.96
9/15/20,13:30,0,70.84,66.94,69
9/15/20,16:00,0,69.01,67.55,67.65
9/16/20,13:30,0,70.4,67,70.36
9/16/20,16:00,0,71.25,69.14,69.62
9/17/20,13:30,0,70.42,67.51,68.7
9/17/20,16:00,0,69.4,68.19,68.88
9/18/20,13:30,0,69.08,64.74,64.81
9/18/20,16:00,0,65.73,64.52,65.41
9/21/20,13:30,0,62.62,59.12,61.05
9/21/20,16:00,0,61.31,60.25,60.76
9/22/20,13:30,0,63.06,60.66,61.19
9/22/20,16:00,0,62.43,61.11,62.4
9/23/20,13:30,0,65.1,62.26,63.11
9/23/20,16:00,0,63.11,61.17,61.25
9/24/20,13:30,0,61.11,58.27,61.06
9/24/20,16:00,0,61.24,59.4,59.99
9/25/20,13:30,0,64.55,61.78,64.43
9/25/20,16:00,0,64.91,63.66,64.6
9/28/20,13:30,0,66.44,63.32,66.32
9/28/20,16:00,0,66.83,65.83,66.13
9/29/20,13:30,0,66.23,63.51,64.22
9/29/20,16:00,0,65.1,64.1,64.41
9/30/20,13:30,0,68.21,66.02,66.49
9/30/20,16:00,0,66.9,64.18,64.74
10/1/20,13:30,0,65.27,63.57,64.71
10/1/20,16:00,0,65.92,64.38,65.6
10/2/20,13:30,0,65.76,62.3,65.22
10/2/20,16:00,0,65.47,64.49,65.21
10/5/20,13:30,0,66.1,64.53,65.06
10/5/20,16:00,0,65.52,64.53,65.26
10/6/20,13:30,0,69.91,65.77,68.99
10/6/20,16:00,0,69.42,65.96,66.19
10/7/20,13:30,0,68.64,66.1,68.43
10/7/20,16:00,0,68.57,67.81,67.96
10/8/20,13:30,0,69.36,67.25,68.28
10/8/20,16:00,0,69.3,68.21,69.23
10/9/20,13:30,0,72.11,68.8,71.28
10/9/20,16:00,0,71.53,70.92,71.09
10/12/20,13:30,0,70.73,69.18,69.99
10/12/20,16:00,0,70.11,69.56,69.83
10/13/20,13:30,0,64.64,60.88,61.07
10/13/20,16:00,0,61.98,60.03,60.61
10/14/20,13:30,0,62.48,59.64,60.75
10/14/20,16:00,0,60.88,59.9,59.91
10/15/20,13:30,0,59.1,57.85,58.5
10/15/20,16:00,0,59.55,58.37,59.35
10/16/20,13:30,0,59.98,57.9,59.05
10/16/20,16:00,0,59.67,58.83,58.84
10/19/20,13:30,0,60.87,58.77,59.98
10/19/20,16:00,0,60.34,59.02,59.73
10/20/20,13:30,0,61.65,60.02,61.41
10/20/20,16:00,0,62.04,61.28,61.74
10/21/20,13:30,0,61.56,60.02,60.57
10/21/20,16:00,0,61.11,60.55,60.69
10/22/20,13:30,0,62.54,61.08,62.42
10/22/20,16:00,0,63.46,62.39,63.4
10/23/20,13:30,0,64.43,62.88,63.77
10/23/20,16:00,0,64.77,63.64,64.49
10/26/20,13:30,0,62.27,55.81,56.41
10/26/20,16:00,0,58.27,56.21,58.26
10/27/20,13:30,0,59.41,57.29,58.83
10/27/20,16:00,0,58.86,57.28,57.42
10/28/20,13:30,0,55.61,53.55,54.63
10/28/20,16:00,0,54.89,53.06,53.15
10/29/20,13:30,0,54.2,51.33,53.23
10/29/20,16:00,0,54.37,53.06,53.81
10/30/20,13:30,0,54.29,51.37,52.54
10/30/20,16:00,0,57.8,52.04,56.4
11/2/20,13:30,0,56.58,53.85,55.86
11/2/20,16:00,0,57.1,55.65,57.06
11/3/20,13:30,0,58.65,56.34,57.75
11/3/20,16:00,0,57.99,57.13,57.51
11/4/20,13:30,0,58.61,56.4,57.7
11/4/20,16:00,0,57.96,56.96,56.98
11/5/20,13:30,0,59.75,57.63,59.29
11/5/20,16:00,0,60.32,59.3,60.16
11/6/20,13:30,0,59.98,58.34,59.05
11/6/20,16:00,0,59.16,58.2,58.6
11/9/20,13:30,0,78.86,71.24,74.9
11/9/20,16:00,0,76.42,73.69,75.45
11/10/20,13:30,0,74.63,71.61,72.12
11/10/20,16:00,0,74.03,71.36,73.77
11/11/20,13:30,0,73.92,70.11,70.78
11/11/20,16:00,0,71.15,69.7,70.88
11/12/20,13:30,0,71.12,67.81,69.11
11/12/20,16:00,0,69.9,67.67,68.09
11/13/20,13:30,0,70.97,68.65,70.75
11/13/20,16:00,0,71.13,70.2,70.62
11/16/20,13:30,0,77.23,74.02,75.93
11/16/20,16:00,0,76.22,74.8,75.51
11/17/20,13:30,0,76.74,73.74,75.49
11/17/20,16:00,0,76.19,74.46,75.33
11/18/20,13:30,0,76.49,74.05,75.45
11/18/20,16:00,0,75.55,74.06,74.1
11/19/20,13:30,0,75.05,73.22,73.85
11/19/20,16:00,0,74.76,73.51,74.43
11/20/20,13:30,0,75.14,72.8,72.9
11/20/20,16:00,0,73.35,72.53,72.57
11/23/20,13:30,0,76.25,73.56,76.06
11/23/20,16:00,0,76.45,75.53,75.77
11/24/20,13:30,0,82.59,78.34,80.31
11/24/20,16:00,0,81.81,80.26,81.63
11/25/20,13:30,0,81.63,79.47,80.95
11/25/20,16:00,0,81.06,79.71,80.08
11/27/20,13:30,0,82.15,80.43,81.48
11/27/20,16:00,0,81.8,81.14,81.8
11/30/20,13:30,0,82,77.7,79.87
11/30/20,16:00,0,80.4,78.52,78.81
12/1/20,13:30,0,80.68,78.9,79.39
12/1/20,16:00,0,79.9,78.15,78.23
12/2/20,13:30,0,80.88,75.97,79.92
12/2/20,16:00,0,81.37,79.61,80.63
12/3/20,13:30,0,85.1,81.02,84.74
12/3/20,16:00,0,84.91,83.45,84.32
12/4/20,13:30,0,83.75,80.43,82.25
12/4/20,16:00,0,82.8,81.89,82.7
12/7/20,13:30,0,82.35,80.3,81.46
12/7/20,16:00,0,81.84,80.66,81.63
12/8/20,13:30,0,83.85,80.51,83.1
12/8/20,16:00,0,83.37,82.5,82.87
12/9/20,13:30,0,84.97,82.1,82.55
12/9/20,16:00,0,82.99,80.87,82.37
12/10/20,13:30,0,82.62,80.35,80.73
12/10/20,16:00,0,81.42,80.5,80.65
12/11/20,13:30,0,81.46,77.11,77.69
12/11/20,16:00,0,77.74,76.26,76.44
12/14/20,13:30,0,79.43,74.48,74.92
12/14/20,16:00,0,75.18,73.95,74.08
12/15/20,13:30,0,74.71,70.75,73.33
12/15/20,16:00,0,74.54,73.3,74.05
12/16/20,13:30,0,74.64,72.35,73.29
12/16/20,16:00,0,74.18,73.24,73.67
12/17/20,13:30,0,74.48,72.61,73.82
12/17/20,16:00,0,74.23,73.67,73.94
12/18/20,13:30,0,74.49,72.65,72.68
12/18/20,16:00,0,73.06,71.58,72.28
12/21/20,13:30,0,71.41,68.82,71.14
12/21/20,16:00,0,72.24,71.04,71.78
12/22/20,13:30,0,71.88,68.57,69.75
12/22/20,16:00,0,70.15,69.36,69.67
12/23/20,13:30,0,72.87,70.14,71
12/23/20,16:00,0,71.69,70.93,71.43
12/24/20,13:30,0,71.85,70.07,70.7
12/24/20,16:00,0,70.85,70.66,70.85
12/28/20,13:30,0,73.99,71.2,73.55
12/28/20,16:00,0,73.78,72.84,72.91
12/29/20,13:30,0,74.4,70.86,71.73
12/29/20,16:00,0,71.92,71.17,71.63
12/30/20,13:30,0,73.73,71.19,73.38
12/30/20,16:00,0,74.07,73,73.77
12/31/20,13:30,0,75.75,71.2,75.09
12/31/20,16:00,0,75.67,74.6,74.65
1/4/21,13:30,0,75.24,69.89,71.47
1/4/21,16:00,0,71.81,70.51,70.72
1/5/21,13:30,0,72.61,70.5,72.41
1/5/21,16:00,0,73.27,72.18,72.61
1/6/21,13:30,0,73.73,71.14,73.26
1/6/21,16:00,0,74.07,71.45,72.2
1/7/21,13:30,0,75.44,72.64,75
1/7/21,16:00,0,75.15,73.88,74
1/8/21,13:30,0,75.49,71.96,72.45
1/8/21,16:00,0,73.35,72.1,73
1/11/21,13:30,0,73.1,70.85,72.27
1/11/21,16:00,0,72.35,71.59,72.12
1/12/21,13:30,0,72.49,70.81,71.75
1/12/21,16:00,0,72.71,71.65,72.47
1/13/21,13:30,0,72.13,70.77,71.99
1/13/21,16:00,0,72.51,71.92,72.25
1/14/21,13:30,0,76.45,73.37,75.88
1/14/21,16:00,0,76.53,75.34,75.87
1/15/21,13:30,0,76.29,73.24,74.22
1/15/21,16:00,0,74.34,72.87,72.92
1/19/21,13:30,0,74.62,72.46,74.51
1/19/21,16:00,0,74.67,73.25,73.46
1/20/21,13:30,0,75.16,72.27,73.21
1/20/21,16:00,0,73.43,72.76,72.83
1/21/21,13:30,0,73.14,71.02,72.58
1/21/21,16:00,0,73.51,72.3,72.65
1/22/21,13:30,0,72.28,70.66,71.86
1/22/21,16:00,0,72.09,71.59,71.95
1/25/21,13:30,0,70.86,66.91,68.42
1/25/21,16:00,0,69.31,68.32,68.43
1/26/21,13:30,0,69.09,66.77,67.08
1/26/21,16:00,0,67.32,66.48,66.52
1/27/21,13:30,0,68.53,64.34,67.47
1/27/21,16:00,0,67.88,65.46,66.18
1/28/21,13:30,0,70.58,67.45,69.27
1/28/21,16:00,0,70.18,68.92,69.05
1/29/21,13:30,0,69.33,64.26,65.04
1/29/21,16:00,0,65.59,64.75,65.03
2/1/21,13:30,0,66.55,64.66,65.3
2/1/21,16:00,0,65.85,65.28,65.69
2/2/21,13:30,0,68.64,65.84,68.25
2/2/21,16:00,0,68.91,67.95,68.69
2/3/21,13:30,0,70.03,68.31,69.57
2/3/21,16:00,0,69.91,69.2,69.42
2/4/21,13:30,0,71.87,69.88,70.96
2/4/21,16:00,0,71.6,70.67,70.87
2/5/21,13:30,0,72.98,71.21,71.72
2/5/21,16:00,0,71.78,71.03,71.57
2/8/21,13:30,0,72.5,70.68,70.71
2/8/21,16:00,0,71.1,70.58,70.7
2/9/21,13:30,0,70.75,68.31,69.36
2/9/21,16:00,0,69.59,68.79,68.88
2/10/21,13:30,0,70.69,68.94,69.7
2/10/21,16:00,0,69.85,68.54,68.78
2/11/21,13:30,0,69.83,67.79,68.13
2/11/21,16:00,0,68.13,67.41,67.98
2/12/21,13:30,0,68.3,66.65,67.7
2/12/21,16:00,0,67.8,67.41,67.63
2/16/21,13:30,0,73.38,68.38,72.84
2/16/21,16:00,0,74.76,72.75,74.22
2/17/21,13:30,0,76.65,72.49,76.15
2/17/21,16:00,0,76.29,74.9,75.11
2/18/21,13:30,0,75.23,72.9,75.23
2/18/21,16:00,0,75.98,74.98,75.17
2/19/21,13:30,0,79.73,76.5,78.76
2/19/21,16:00,0,79.32,78.51,78.87
2/22/21,13:30,0,88.75,79.01,88.24
2/22/21,16:00,0,88.7,85.52,86.23
2/23/21,13:30,0,88.6,82.77,88.54
2/23/21,16:00,0,90.47,88.25,90.04
2/24/21,13:30,0,96.77,91.62,94.33
2/24/21,16:00,0,97.08,94.17,96.69
2/25/21,13:30,0,99.24,88.51,91.02
2/25/21,16:00,0,92.79,90.02,91.58
2/26/21,13:30,0,93.72,89.27,92.92
2/26/21,16:00,0,94.23,91.78,93.2
3/1/21,13:30,0,93.12,89.71,90.05
3/1/21,16:00,0,92.02,89.9,91.35
3/2/21,13:30,0,95.5,92,94.12
3/2/21,16:00,0,95,93.14,93.57
3/3/21,13:30,0,97.31,93.93,97.21
3/3/21,16:00,0,97.36,94.35,94.41
3/4/21,13:30,0,96.38,89.63,90.53
3/4/21,16:00,0,91.76,87.89,91.59
3/5/21,13:30,0,90.38,80.55,85.41
3/5/21,16:00,0,87.04,84.33,86.51
3/8/21,13:30,0,89.6,85.24,89.49
3/8/21,16:00,0,89.61,87.87,87.89
3/9/21,13:30,0,89.28,85.4,89.08
3/9/21,16:00,0,90.25,88.97,89.52
3/10/21,13:30,0,92.09,86.46,87.72
3/10/21,16:00,0,88.43,86.95,87.3
3/11/21,13:30,0,89.67,86.3,88.27
3/11/21,16:00,0,88.59,87.89,87.99
3/12/21,13:30,0,89.94,87.65,88.98
3/12/21,16:00,0,90.32,88.42,90.23
3/15/21,13:30,0,96.9,92,94.22
3/15/21,16:00,0,95.12,93.9,94.53
3/16/21,13:30,0,94,89.51,90.1
3/16/21,16:00,0,90.36,88.34,89.52
3/17/21,13:30,0,91.02,87.92,89.32
3/17/21,16:00,0,91.45,89.15,91.42
3/18/21,13:30,0,92.16,88.9,91.33
3/18/21,16:00,0,91.53,88.22,88.43
3/19/21,13:30,0,90.62,86.53,89.87
3/19/21,16:00,0,91.04,89.59,90.68
3/22/21,13:30,0,90.26,87.85,89.78
3/22/21,16:00,0,90.07,88.77,88.97
3/23/21,13:30,0,88.06,83.48,83.82
3/23/21,16:00,0,84.07,83.04,83.89
3/24/21,13:30,0,89.1,85.83,87.31
3/24/21,16:00,0,87.87,80.56,81.58
3/25/21,13:30,0,84.25,78.86,82.5
3/25/21,16:00,0,83.86,82,83.45
3/26/21,13:30,0,86.33,82.87,83.46
3/26/21,16:00,0,84.66,81.68,84.58
3/29/21,13:30,0,85.2,81.6,82.82
3/29/21,16:00,0,83.47,82,82.93
3/30/21,13:30,0,85.57,83.06,84.99
3/30/21,16:00,0,85.97,84.62,85.37
3/31/21,13:30,0,86.36,84.44,86.26
3/31/21,16:00,0,86.84,85.59,85.65
4/1/21,13:30,0,87.82,85.48,86.25
4/1/21,16:00,0,86.74,86.01,86.66
4/5/21,13:30,0,91.3,88.72,89.71
4/5/21,16:00,0,90.65,89.11,89.16
4/6/21,13:30,0,91.32,88.58,90.93
4/6/21,16:00,0,92.3,90.61,90.72
4/7/21,13:30,0,95.3,91,91.6
4/7/21,16:00,0,92.42,90.9,91.05
4/8/21,13:30,0,90.93,87.43,89.65
4/8/21,16:00,0,90.15,89.44,89.82
4/9/21,13:30,0,90.47,88.67,89.67
4/9/21,16:00,0,90.16,89.52,89.84
4/12/21,13:30,0,89.03,85.73,86.52
4/12/21,16:00,0,87.3,86,87.07
4/13/21,13:30,0,86.68,83.6,86.15
4/13/21,16:00,0,86.85,86.14,86.52
4/14/21,13:30,0,88.73,86.4,87.69
4/14/21,16:00,0,87.65,86.36,86.57
4/15/21,13:30,0,87.08,83.85,84.75
4/15/21,16:00,0,85.37,84.16,84.49
4/16/21,13:30,0,86.82,84.73,84.76
4/16/21,16:00,0,85.75,84.7,85.42
4/19/21,13:30,0,85.74,83.91,84.61
4/19/21,16:00,0,85.19,83.41,83.82
4/20/21,13:30,0,83.14,79.03,80.51
4/20/21,16:00,0,81.08,80.15,81.06
4/21/21,13:30,0,84.15,80.05,83.18
4/21/21,16:00,0,84.72,83.18,84.67
4/22/21,13:30,0,86.55,83.61,86.21
4/22/21,16:00,0,86.26,84.1,84.17
4/23/21,13:30,0,85.7,83.28,85.61
4/23/21,16:00,0,85.96,85.34,85.8
4/26/21,13:30,0,88.84,86.83,87.06
4/26/21,16:00,0,87.19,86.67,86.92
4/27/21,13:30,0,88.22,85.82,87.26
4/27/21,16:00,0,87.83,87.08,87.57
4/28/21,13:30,0,88.43,86.59,87.66
4/28/21,16:00,0,87.7,86.83,87.45
4/29/21,13:30,0,92.45,84.87,85
4/29/21,16:00,0,85.66,84.72,84.83
4/30/21,13:30,0,86.75,83.81,86.74
4/30/21,16:00,0,87.47,86.48,87.02
5/3/21,13:30,0,88.69,86.73,86.86
5/3/21,16:00,0,87.99,86.69,87.85
5/4/21,13:30,0,87.01,82.93,84.56
5/4/21,16:00,0,84.71,83.82,84
5/5/21,13:30,0,84.55,82.97,83.08
5/5/21,16:00,0,84.8,82.4,82.99
5/6/21,13:30,0,83.87,79.02,80.21
5/6/21,16:00,0,80.74,79.5,80.69
5/7/21,13:30,0,84.53,80.8,84.28
5/7/21,16:00,0,84.56,83.28,84.28
5/10/21,13:30,0,84.86,83.03,84.56
5/10/21,16:00,0,84.7,83.51,83.93
5/11/21,13:30,0,82.97,79.83,81.4
5/11/21,16:00,0,81.64,80.88,81.27
5/12/21,13:30,0,81,79.02,79.43
5/12/21,16:00,0,79.65,77.8,78.02
5/13/21,13:30,0,79.99,76.78,77
5/13/21,16:00,0,79.28,76.13,78.44
5/14/21,13:30,0,84.14,79.55,84.14
5/14/21,16:00,0,84.49,83.64,84.26
5/17/21,13:30,0,84.56,82.71,83.65
5/17/21,16:00,0,84.76,83.47,84.56
5/18/21,13:30,0,87.27,83.95,86.44
5/18/21,16:00,0,86.56,84.94,84.96
5/19/21,13:30,0,84.05,81.56,83.55
5/19/21,16:00,0,84.03,82.55,84
5/20/21,13:30,0,84.91,82.93,83.7
5/20/21,16:00,0,84.97,83.32,84.66
5/21/21,13:30,0,85.88,83.38,83.61
5/21/21,16:00,0,83.65,82.68,82.81
5/24/21,13:30,0,85.95,82.25,85.53
5/24/21,16:00,0,86.11,85.48,85.88
5/25/21,13:30,0,90.64,86.99,89.38
5/25/21,16:00,0,89.62,88.51,89.01
5/26/21,13:30,0,91.92,89.56,91.45
5/26/21,16:00,0,92.56,91.45,92.5
5/27/21,13:30,0,94.77,92.71,94.33
5/27/21,16:00,0,95.13,94.04,94.76
5/28/21,13:30,0,94.73,92.13,93.73
5/28/21,16:00,0,94.26,93.16,93.29
6/1/21,13:30,0,97.54,94.91,96.15
6/1/21,16:00,0,96.33,95.58,96.3
6/2/21,13:30,0,97.72,95.35,96.53
6/2/21,16:00,0,97.48,96.36,97.01
6/3/21,13:30,0,96.11,93.92,94.8
6/3/21,16:00,0,95.52,94.55,94.73
6/4/21,13:30,0,95.83,93.3,94.64
6/4/21,16:00,0,95.82,93.81,94.11
6/7/21,13:30,0,96.17,94.24,95.18
6/7/21,16:00,0,95.22,94.33,94.47
6/8/21,13:30,0,95.78,93.94,95.03
6/8/21,16:00,0,95.98,94.89,94.94
6/9/21,13:30,0,95.47,93.35,93.74
6/9/21,16:00,0,93.75,92.56,92.78
6/10/21,13:30,0,93.01,89.59,91.19
6/10/21,16:00,0,91.98,90.59,90.61
6/11/21,13:30,0,90.69,88.1,90.66
6/11/21,16:00,0,90.73,89.71,90.1
6/14/21,13:30,0,90.36,87.81,87.89
6/14/21,16:00,0,88.06,87.39,87.95
6/15/21,13:30,0,88.96,86.69,87.12
6/15/21,16:00,0,87.24,86.73,86.96
6/16/21,13:30,0,89.05,86.97,87.58
6/16/21,16:00,0,88.75,86.95,88.52
6/17/21,13:30,0,89.82,85.97,87.17
6/17/21,16:00,0,87.68,86.39,86.42
6/18/21,13:30,0,86.61,84.54,86.25
6/18/21,16:00,0,86.46,85.16,85.6
6/21/21,13:30,0,86.29,84.96,86.29
6/21/21,16:00,0,87.53,86.07,87.42
6/22/21,13:30,0,86.94,84.52,85.73
6/22/21,16:00,0,86.06,85.21,85.65
6/23/21,13:30,0,86.83,85.71,86.12
6/23/21,16:00,0,86.64,86.11,86.15
6/24/21,13:30,0,88.07,85.97,86.46
6/24/21,16:00,0,87.33,86.25,86.95
6/25/21,13:30,0,88.97,86.74,88.42
6/25/21,16:00,0,89.89,88.25,89.22
6/28/21,13:30,0,88.36,82.85,82.95
6/28/21,16:00,0,83.71,82.89,83.46
6/29/21,13:30,0,84.77,82.43,83.36
6/29/21,16:00,0,83.67,82.83,83.02
6/30/21,13:30,0,85.36,82.8,85.14
6/30/21,16:00,0,85.39,84.86,85.3
7/1/21,13:30,0,87.1,85.33,85.8
7/1/21,16:00,0,86.24,85.35,85.88
7/2/21,13:30,0,86.36,84.97,85.98
7/2/21,16:00,0,86.19,85.6,86.05
7/6/21,13:30,0,87.82,82.58,83.01
7/6/21,16:00,0,83.16,82.7,82.97
7/7/21,13:30,0,83.38,80.37,80.72
7/7/21,16:00,0,81.11,80.3,80.48
7/8/21,13:30,0,80.52,77.12,79.97
7/8/21,16:00,0,79.99,78.68,79.46
7/9/21,13:30,0,82.18,79.79,81.97
7/9/21,16:00,0,82.54,81.82,82.33
7/12/21,13:30,0,81.99,80.02,81.62
7/12/21,16:00,0,81.88,81.32,81.56
7/13/21,13:30,0,80.63,79.18,79.4
7/13/21,16:00,0,79.73,78.43,78.52
7/14/21,13:30,0,79.9,76.94,77.44
7/14/21,16:00,0,77.52,75.97,76.21
7/15/21,13:30,0,75.62,72.88,73.3
7/15/21,16:00,0,74.41,72.38,74.19
7/16/21,13:30,0,76.48,72.98,73.07
7/16/21,16:00,0,73.13,72.02,72.39
7/19/21,13:30,0,70.83,66.9,69.27
7/19/21,16:00,0,69.6,68.65,69.51
7/20/21,13:30,0,74,69.35,73.3
7/20/21,16:00,0,75.31,73.21,74.9
7/21/21,13:30,0,78.6,75.63,78.24
7/21/21,16:00,0,79.16,78.07,78.89
7/22/21,13:30,0,78.36,76.3,77.6
7/22/21,16:00,0,77.99,77.29,77.76
7/23/21,13:30,0,78.86,76.96,77.49
7/23/21,16:00,0,78.02,77.4,77.73
7/26/21,13:30,0,79.98,77.09,79.65
7/26/21,16:00,0,80.89,79.35,80.88
7/27/21,13:30,0,80.92,78.99,80.03
7/27/21,16:00,0,80.69,79.71,80.62
7/28/21,13:30,0,81.77,78.07,80.07
7/28/21,16:00,0,81,79.88,80.09
7/29/21,13:30,0,82.12,80.15,81.62
7/29/21,16:00,0,81.66,79.93,80.04
7/30/21,13:30,0,79.47,76.61,77.3
7/30/21,16:00,0,77.35,76.41,76.89
8/2/21,13:30,0,79.33,76.16,76.24
8/2/21,16:00,0,76.93,75.08,75.48
8/3/21,13:30,0,75.17,71.79,72.71
8/3/21,16:00,0,74.67,72.53,74.49
8/4/21,13:30,0,74.23,70.74,71.81
8/4/21,16:00,0,73.12,71.62,72.66
8/5/21,13:30,0,77.85,72.57,77.85
8/5/21,16:00,0,78.43,77.58,78.09
8/6/21,13:30,0,79.08,76.52,78.54
8/6/21,16:00,0,78.99,78.06,78.95
8/9/21,13:30,0,78.46,75.79,77.29
8/9/21,16:00,0,78.03,77.22,77.4
8/10/21,13:30,0,81.3,77.22,81.22
8/10/21,16:00,0,81.35,80.69,80.76
8/11/21,13:30,0,81.59,78.61,81.36
8/11/21,16:00,0,82,81.25,81.8
8/12/21,13:30,0,81.65,78.85,79.6
8/12/21,16:00,0,80.48,79.55,80.36
8/13/21,13:30,0,80.39,79.05,79.71
8/13/21,16:00,0,79.7,78.22,78.89
8/16/21,13:30,0,78.53,76.05,78.33
8/16/21,16:00,0,78.74,78.15,78.43
8/17/21,13:30,0,77.39,75.19,75.85
8/17/21,16:00,0,76.45,75.48,76.03
8/18/21,13:30,0,78.46,74.4,78.36
8/18/21,16:00,0,78.59,77.1,77.21
8/19/21,13:30,0,76.35,73.51,75.22
8/19/21,16:00,0,76.53,75.02,76.5
8/20/21,13:30,0,77.91,76.01,77.76
8/20/21,16:00,0,78.38,77.56,78.22
8/23/21,13:30,0,80.97,78.87,80.47
8/23/21,16:00,0,80.6,80.04,80.13